파트너스 활동으로 일정의 수수료를 받을 수 있습니다,1,
파트너스 활동으로 일정액의 수수료를 지급받습니다,1,
식사권을 지원받아 작성되었습니다,1,
체험단으로 선정되어 작성하였습니다,1,
업체로부터 식사권을 제공받았습니다,1,
소정의 원고료를 받고 작성되었습니다,1,
업체로부터 제품을 협찬 받았습니다.,1,
업체로부터 상품을 제공받아 솔직하게 작성한 리뷰입니다,1,
업체로부터 소정의 원고료를 받아 작성한 포스팅입니다,1,
업체로부터 소정의 원고료를 받았습니다,1,
업체로부터 제품과 원고료를 받았습니다,1,
선물받은 제품 리뷰로 솔직하게 작성했습니다,1,
업체로부터 이용권을 제공 받았습니다.,1,
업체로부터 숙박권을 제공 받았습니다,1,
업체로부터 제품 & 원고료 받았어요,1,
업체로부터 이용권 협찬 받았어요,1,
업체로부터 제품협찬 받았어요,1,
업체로부터 원고료 받았어요,1,
본 포스팅은 업체로부터 소정의 원고료를 지원받아 작성되었습니다:),1,
업체로부터 협찬받았어요,1,
본 포스팅에 제휴링크가 연결되어 소정의 수수료를 받을 수 있습니다,1,
본 포스팅은 체험단에 선정되어 제품을 지원받아 작성하였습니다,1,
본 포스팅은 파트너스 활동으로 소정의 수수료를 받을 수 있습니다,1,
제품과 원고료를 지원받아 솔직하게 작성하였습니다.,1,
유료광고가 포함되어 있습니다,1,
본 포스팅은 적립금을 지원받아 솔직하게 작성하였습니다,1,
본 포스팅은 할인혜택을 적용받아 솔직하게 작성하였습니다,1,
본 포스팅은 식사권을 지원받아 식사 후 솔직하게 작성하였습니다,1,
본 포스팅은 숙박권을 지원받아 숙박한 후 솔직하게 작성하였습니다,1,
본 포스팅은 도서를 지원받아 읽은 뒤 솔직하게 작성하였습니다,1,
본 포스팅은 이용권을 지원받아 이용 뒤 솔직하게 작성하였습니다.,1,
본 포스팅은 업체로부터 서비스를 제공받아 솔직하게 작성하였습니다,1,
본 포스팅으로 금전적 대가를 지원받았음을 명시합니다,1,
파트너스 활동으로 일정액의 수수료를 제공받습니다,1,
업체로부터 제품을 지원받아 사용 후 작성한 리뷰입니다.,1,
소정의 원고료를 지원받아 솔직하게 작성한 리뷰입니다.,1,
식사권을 제공받아 솔직하게 작성한 후기입니다.,1,
숙박권을 제공받아 솔직하게 작성한 후기입니다,1,
체험단에 선정되어 체험후 솔직하게 작성하였습니다,1,
(유료)유료광고를 포함하고 있습니다.,1,
소정의 원고료를 제공받아 작성되었습니다,1,
제품을 제공 받았으나 솔직하게 작성된 리뷰입니다,1,
식사권을 제공받아 식사후 작성한 솔직한 리뷰입니다,1,
소정의 원고료를 지원받아 작성된 리뷰입니다.,1,
제품만을 지원받아 작성된 리뷰입니다.,1,
제품 및 원고료를 지원받아 작성된 리뷰입니다.,1,
이벤트에 당첨되어 작성된 리뷰입니다.,1,
파트너스 활동으로 일정의 수수료를 받을 수 있습니다.,1,
◆이용권 이용권을 제공받아 이용 후 작성된 리뷰입니다.,1,
업체로부터 협찬받았습니다.,,
CD 업체 파트너스 활동으로,1,
일정액의 수수료를 제공받을 수 있습니다.,1,
본 포스팅은 유료광고가 포함되어있습니다,1,
제품을 제공받아 작성된 후기입니다,1,
소정의 원고료를 제공받아 솔직하게 작성하였습니다,1,
업체로부터 식사권을 제공받아 식사 후 작성한 리뷰입니다.,1,
원고료를 제공받아 작성된 후기입니다.,1,
체험단에 선정되어 체험 후 솔직하게 작성하였습니다 ,1,
제품을 제공받아 사용 후 솔직하게 작성한 리뷰입니다.,1,
유료 광고를 포함하고 있습니다.,1,
파트너스 활동으로 일정액의 수수료를 제공받을 수 있습니다.,1,
체험단으로 선정되어 일정액의 수수료를 제공받을 수 있습니다,1,
식사권을 제공받아 작성된 후기입니다,1,
숙박권을 제공받아 작성된 후기입니다.,1,
이벤트에 당첨되어 제품을 무상 제공받아 작성된 후기입니다.,1,
식사권을 제공받아 작성한 리뷰입니다,1,
제품을 제공받아 작성한 리뷰입니다.,1,
원고료를 지원받아 작성한 리뷰입니다.,1,
이벤트에 당첨되어 작성한 리뷰입니다.,1,
체험단 활동 후 작성한 리뷰입니다,1,
파트너스 활동으로수수료를 받습니다,1,
광고가 포함된 리뷰입니다,1,
제품을 협찬받아 작성한 리뷰입니다.,1,
정보제공을 위해 작성한 리뷰입니다 ,1,
서비스를 제공받아 작성한 리뷰입니다,1,
업체로부터 제품을 제공받아 작성된 후기입니다,1,
유료광고가 포함되어 있습니다,1,
본 포스팅은 업체로부터 제품을 협찬받아 작성되었음을 알립니다.,1,
본 포스팅은 파트너스 활동을 포함하고 있습니다.,1,
본 포스팅은 소정의 원고료를 지원받아 작성되었습니다.,1,
본 포스팅은 해당업체로부터 식사권을 제공받아 작성되었습니다,1,
본 포스팅은 해당업체로부터 서비스를 제공받아 작성되었습니다,1,
본 포스팅은 업체로부터 제품 및 원고료를 제공받고 작성되었습니다,1,
본 포스팅은 해당업체로부터 제품을 제공받아 작성되었습니다,1,
본 포스팅은 이벤트에 당첨되어 작성된 리뷰입니다.,1,
본 포스팅은 유료광고를 포함하고 있습니다.,1,
서비스를 지원받아 작성되었습니다♡,1,
이용권을 지원받아 작성되었습니다,1,
식사권을 지원받아 작성되었습니다,1,
유료광고를포함하고 있습니다.,1,
제품을 제공받아 작성되었습니다,1,
소정의 원고료를 받고 작성되었습니다 ,1,
제품 및 원고료를 받고 작성되었습니다,1,
이벤트에 당첨되어 작성하였습니다,1,
체험단으로 선정되어 작성하였습니다,1,
파트너스 활동으로 일정의 수수료를 받을 수 있습니다,1,
유료광고를 포함하고 있습니다,1,
본 포스팅은 원고료를 지원받아 솔직하게 작성한 리뷰입니다,1,
파트너스 활동을 통해 일정액의 수수료를 제공받을 수 있습니다.,1,
한 업체로부터 제품을 지원받아 솔직하게 작성한 리뷰입니다,1,
체험단에 선정되어 체험후 솔직하게 작성하였습니다,1,
체험단으로 선정되어 작성된 후기입니다.,1,
이벤트에 당첨되어 제품을 제공받아 작성한 리뷰입니다,1,
업체로부터 식사권을 제공받아 식사 후 작성한 리뷰입니다.,1,
식사권을 제공받아 작성된 후기입니다,1,
이 포스팅은 광고를 포함하고 있습니다.,1,
서비스를 제공받아 작성된 후기입니다 여기서부터 광고!,1,
제품을 협찬받아 작성된 후기입니다,1,
원고료를 지원받아 작성된 후기입니다,1,
업체로부터 식사권을 제공받아 식사 후 작성한 솔직리뷰입니다.,1,
파트너스 활동을 통해 일정액의 수수료를 제공받을 수 있습니다,1,
이벤트에 당첨되어 제품을 제공받아 작성한 솔직리뷰입니다,1,
소정의 원고료를 제공받아 솔직하게 작성하였습니다,1,
업체로부터 제품을 제공받아 사용 후 작성한 솔직리뷰입니다.,1,
광고 본 포스팅은 유료광고를 포함하고 있습니다,1,
본 포스팅은 체험단에 선정되어 체험 후 작성한 솔직리뷰입니다,1,
업체로부터 제품협찬받음,1,
(업체) 업체로부터 이용권 받음 ,1,
업체로부터 원고료 받음,1,
본 포스팅은 제품을 제공받아 솔직하게 작성한 리뷰입니다,1,
?본 포스팅은 원고료를 지원받아 솔직하게 작성한 리뷰입니다,1,
해당 업체로부터 제품을 제공받아 작성되었습니다,1,
해당 업체로부터 식사권을 제공받아 작성되었습니다,1,
해당 업체로부터 원고료를 지원받아 작성되었습니다,1,
본 포스팅은 체험단으로 선정되어 작성한 솔직후기입니다.,1,
본 포스팅은 파트너스 활동으로 수수료를 제공받습니다.,1,
본 포스팅은 소정의 원고료를 제공 받아 작성되었습니다.,1,
본 포스팅은 제품만을 제공받아 작성되었습니다.,1,
본 포스팅은 제품 및 원고료를 지원받아 작성되었습니다.,1,
?이용권 본 포스팅은 이용권을 제공받아 이용 후 작성되었습니다.,1,
식사권 본 포스팅은 식사권을 제공받아 이용 후 작성되었습니다.,1,
S본 포스팅은 체험단에 선정되어 체험 후 작성한 솔직리뷰입니다.,1,
본 포스팅은 유료광고를 포함하고 있습니다.,1,
본 포스팅은 파트너스 활동으로 일정의 수수료를 받을 수 있습니다.,1,
본 포스팅은 이벤트에 당첨되어 작성되었습니다.,1,
[유료 광고] 본 포스팅은 유료광고가 포함되어있습니다,1,
'제품제공 본 포스팅은 제품제공을 받았으나 솔직하게작성되었습니다,1,
'원고료 지원 본 포스팅은 원고료를 지원받아 솔직하게 작성되었습니다.,1,
☆제품과 지원 원고료 본 포스팅은 제품과 원고료를 지원받아 솔직하게 작성되었습니다,1,
본 포스팅은 제휴링크가 연결되어,1,
소정의 수수료를 받을 수 있습니다,1,
???????체험단에 선정되어 상품을 무상지원받아 솔직하게 작성되었습니다,1,
A 파트너스 활동으로 소정의 수수료를 받을 수 있습니다,1,
본 포스팅은 이벤트에 당첨되어 솔직하게 작성되었습니다,1,
서비스 제공 본 포스팅은 서비스를 제공받았지만 솔직하게 작성되었습니다,1,
식사권 제공 본 포스팅은 식사권을 제공받아 이용 후 솔직하게 작성되었습니다,1,
이용권 제공 본 포스팅은 이용권을 제공받아 이용 후 솔직하게 작성되었습니다,1,
[경제적 대가] 본 포스팅으로 경제적 대가를 제공받았음을 알립니다,1,
제품제공받음!,1,
원고료받음!,1,
서비스제공받음!,1,
제품과 원고료를 지원받아 솔직하게 작성한 리뷰입니다.,1,
이벤트당첨리뷰,1,
체험단선정리뷰,1,
파트너스 활동으로 일정액의 수수료를 제공받습니다,1,
광고지만,1,
유료광고를 포함하고 있습니다.,1,
이벤트에 당첨되어 체험 후 작성한 솔직 리뷰입니다,1,
제품만을 지원받아 솔직하게 작성한 리뷰입니다,1,
식사권을 제공받아 식사 후 솔직하게 작성한 리뷰입니다.,1,
소정의 원고료를 지원받아 솔직하게 작성한 리뷰입니다.,1,
체험단으로 선정되어 체험 후 솔직하게 작성하였습니다,1,
업체로부터 제품을 제공받아 작성한 솔직리뷰입니다,1,
업체로부터 원고료를 지원받아 작성한 솔직리뷰입니다,1,
이벤트에 당첨되어 제품을 제공받아 작성한 솔직리뷰입니다,1,
업체로부터 제품을 제공받아 사용 후 7작성한 솔직리뷰입니다,1,
업체로부터 식사권을 제공받아 식사 후 작성한 솔직리뷰입니다,1,
파트너스 활동을 통해 일정액의 수수료를 제공받을 수 있습니다,1,
$$ 소정의 원고료를 제공받아 솔직하게 작성하였습니다,1,
광고 본 포스팅은 유료광고를 포함하고 있습니다,1,
본 포스팅은 체험단에 선정되어 체험 후작성한 솔직리뷰입니다,1,
광고포함글입니다,1,
업체로부터 식사권을 지원받았습니다,1,
소정의 원고료를 지원받았습니다,1,
업체로부터 제품을 지원받았습니다,1,
서비스를 지원받아 작성된 후기입니다,1,
파트너스 활동을 통해 일정액의 수수료를 받을 수 있습니다,1,
업체로부터 무상으로 제공받아 제품을 작성되었습니다,1,
소정의 원고료를 지원받아 작성되었습니다,1,
식사권을 지원받아 작성되었습니다,1,
이벤트에 당첨되어 체험 후 솔직하게 작성되었습니다,1,
유료광고를 포함하고 있습니다,1,
업체로부터 체험권을 제공받아 작성되었습니다,1,
업체로부터 서비스를 제공받아 작성되었습니다,1,
체험단에 선정되어 체험 후 솔직하게 작성되었습니다,1,
ㅁ해당 업체로부터 식사권을 제공받아 작성된 후기입니다,1,
해당 업체로부터 원고료를 지원받아 작성된 후기입니다,1,
해당 업체로부터 제품을 제공받아 작성된 후기입니다,1,
업체로부터 제품을 받았어요,1,
업체 업체로부터 원고료 받았어요,1,
업체 업체로부터 이용권 받았어요,1,
업체 본 포스팅은 체험단으로 선정되어 작성한 솔직후기입니다.,1,
본 포스팅은 협찬을 받았지만 솔직하게 작성했습니다,1,
쿠팡 파트너스의 일환으로 일정액의 수수료를 제공받고 있습니다.,1,
본 포스팅 해당업체로부터  제공받았지만 서비스를 솔직하게 작성했습니다,1,
000 본 포스팅은 이벤트에 당첨되어 솔직하게 작성했습니다.,1,
협찬 제품 받음,1,
'0’ 업체로부터 제품만을 제공받아 솔직하게 작성되었습니다.,1,
소정의 원고료를 지원받아 솔직하게 작성되었습니다,1,
유료광고포함,1,
본 포스팅으로 금전적 대가를 받았음을 명시합니다.,1,
체험단에 선정되어 상품을 무상지원받아 작성하였습니다,1,
이 글은 유료광고를 포함하고 있습니다,1,
제휴링크가 포함되어 소정의 수수료를 받을 수 있습니다,1,
900 원고료와 제품을 지원받아 솔직하게 작성되었습니다,1,
9 서비스를 제공받아 체험후 솔직하게 작성된 글입니다,1,
서비스를 지원받아 이용 후 솔직하게 작성하였습니다,1,
식사권을 지원받아 시식 후 솔직하게 작성하였습니다,1,
체험단으로 선정되어 체험후 솔직하게 작성된 글입니다,1,
파트너스 활동으로소정의 수수료를 지원받을 수 있습니다,1,
업체로부터 제품을 지원받아 솔직하게 작성된 글입니다.,1,
제품과 원고료를 지원받아 솔직하게작성된 글입니다,1,
파트너스 활동으로 일정액의 수수료를 제공받습니다,1,
식사권을 제공받아 식사후 솔직하게 작성된 글입니다,1,
이벤트에 당첨되어 체험 후 솔직하게 작성된 글입니다,1,
해당 업체로부터 제품을 제공받아 작성된 리뷰입니다,1,
체험단에 선정되어 솔직하게 작성된 리뷰입니다.,1,
유료광고를 포함하고 있습니다,1,
원고료를 지원받아 작성된 솔직리뷰입니다,1,
파트너스 활동의 일환으로 일정액의 수수료를 제공받을 수 있습니다,1,
해당 업체로부터 서비스를 제공받아 작성된 솔직 리뷰입니다,1,
이벤트에 당첨되어 작성된 솔직 리뷰입니다,1,
식사권을 제공받아 작성된 솔직 리뷰입니다,1,
본 포스팅은업체로부터 제품을 제공받아 작성했습니다,1,
본 포스팅은 업체의 제품을 제공받아 솔직하게 작성했습니다,1,
본 포스팅은 제품만을 제공받아 작성되었습니다,1,
본 포스팅은 소정의 원고료를 지원받아 작성되었습니다,1,
업체로부터 원고료와 제품을 제공받았습니다.,1,
본 포스팅은 유료광고를 포함하고 있습니다,1,
0 체험단에 선정되어 무상으로 제품을 지원받았습니다,1,
제휴링크가 연결되어 소정의 수수료를 받을수 있습니다,1,
(\)파트너스 활동으로 소정의 수수료를 받을 수 있습니다,1,
무상으로 서비스를 제공받아 이용 후 작성하였습니다,1,
무상으로 식사권을 이용 후 제공받아 작성하였습니다,1,
본 포스팅은 이벤트에 당첨되어 작성된 글입니다,1,
경제적 대가를 받았으나 솔직하게 작성하였습니다.,1,
본 포스팅은 식사권을 제공받아 솔직하게 작성한 리뷰입니다,1,
 본 포스팅은 제품을 제공받아 솔직하게 작성한 리뷰입니다,1,
DE -본 포스팅은(\ 원고료를 지원받아 솔직하게 작성한 리뷰입니다,1,
본 포스팅은 파트너스 활동으로일정액의 수수료를 제공받습니다,1,
업체로부터 제품을 제공받아 사용 후 작성한 솔직리뷰입니다,1,
이벤트에 당첨되어 제품을 제공받아 작성한 솔직리뷰입니다,1,
본 포스팅은 유료광고를 있습니다 포함하고,1,
파트너스 활동을 통해 일정액의 수수료를 제공받을 수 있습니다.,1,
본 포스팅은 체험단에 체험 후 선정되어 작성한 솔직리뷰입니다.,1,
($$ 소정의 원고료 제공받아 솔직하게 작성하였습니다 ticket,1,
업체로부터 식사권을제공받아 식사 후 작성한 솔직리뷰입니다.,1,
A 업체로부터 금전적 지원을 받아 쓴 후기입니다,1,
A 업체로부터 + 제품을 협찬받아 체험 후 쓴 후기입니다.,1,
소정의 원고료를 지원받았지만 솔직하게 작성한 글입니다.,1,
업체로부터 상품을 무상제공받았지만 솔직하게 작성되었습니다,1,
유료광고를 포함하고 있습니다.,1,
체험단으로 선정되어 체험 후 솔직하게 작성하였습니다.,1,
업체로부터 제품과 원고료를 지원받아 작성한 리뷰입니다.,1,
FREE 업체로부터 무상으로 제품을 제공받아 작성한 리뷰입니다.,1,
본 포스팅은 파트너스 활동을 통해 수수료를 제공받습니다.,1,
식사권 본 포스팅은 업체로부터 식사권을 제공받아 작성하였습니다.,1,
업체로부터 원고료를 지원받아 작성한 리뷰입니다.,1,
본 포스팅은 이벤트에 당첨되어 체험 후 작성한 글입니다.,1,
무상 제공 업체로부터 무상으로,1,
?서비스를 제공받아 체험 후 작성하였습니다.,1,
본 포스팅은 유료광고가 포함되어 있습니다,1,
본 포스팅은 해당업체로부터 제품. 원고료를 제공받았지만 솔직하게 작성했습니다.,1,
본 포스팅은 해당업체로부터 제품을 제공받았지만 솔직하게 작성했습니다.,1,
본 포스팅은 해당업체로부터 소정의 원고료를 지원받아 솔직하게 작성했습니다.,1,
본 포스팅은 해당업체로부터 식사권을 제공받았지만 솔직하게 작성했습니다,1,
이용권을 지원받아 작성되었습니다,1,
서비스를 지원받아 작성되었습니다,1,
식사권을 지원받아 작성되었습니다,1,
소정의 원고료를 받고 작성되었습니다,1,
제품을 제공받아 작성되었습니다,1,
제품 및 원고료를 받고 작성되었습니다,1,
체험단으로 선정되어 작성하였습니다,1,
이벤트에 당첨되어 작성하였습니다,1,
파트너스 활동으로 일정의 수수료를 받을 수 있습니다,1,
유료광고를 포함하고 있습니다.,1,
본 포스팅은 유료광고를 포함하고 있습니다,1,
쿠팡파트너스의 일환으로 일정의 수수료를 받을 수 있습니다.,1,
이벤트에 당첨되어 작성한 후기입니다.,1,
$ 업체로부터 目 소정의 원고료를 받아 작성한 글입니다,1,
업체로부터 제품을 무상제공받아 쓴 후기입니다,1,
본 포스팅은 업체로부터 제품을 무상으로 제공받아 작성하였습니다.,1,
본 포스팅은 업체로부터 무상의 식사권을 제공받아 작성하였습니다.,1,
본 포스팅은 업체로부터 제품과 지원받아 원고료를 작성하였습니다.,1,
본 포스팅은 업체로부터 무상의 서비스를 제공받아 작성하였습니다.,1,
본 포스팅은 업체로부터 소정의 원고료를 지원받아 작성하였습니다.,1,
본 포스팅은 이벤트에 당첨된 후 무상으로 지원받아 작성하였습니다.,1,
본 포스팅은 체험단에 선정되어 무상으로 제품을 제공받아 낙성하였습니다.,1,
본 포스팅은 업체로부터 할인권을 제공받아 작성하였습니다.,1,
광고 협찬 본 포스팅은 광고와 협찬을 포함하고 있습니다.,1,
상세정보&구매는 아래링크를 클릭하세요.,1,
<남돈남산> 지인이 구매&결제 해준 찐 리뷰입니다.,1,
(W) 유료광고를 포함하고 있습니다,1,
 제품만을 지원받아 솔직하게 작성한 리뷰입니다,1,
제품과 원고료를 지원받아 솔직하게 작성한 리뷰입니다.,1,
소정의 원고료를 지원받아 솔직하게 작성한 리뷰입니다.,1,
이벤트에 당첨되어 체험 후 작성한 솔직 리뷰입니다,1,
서비스를 제공받아 체험 후 솔직하게 작성하였습니다,1,
w 파트너스 활동으로 일정액의 수수료를 제공받습니다,1,
식사권을 제공받아 식 후 솔직하게 작성한 리뷰입니다.,1,
체험단으로 선정되어 체험 후 솔직하게 작성하였습니다.,1,
광고 본 포스팅은 유료광고를 포함하고 있습니다.,1,
소정의 원고료를 지원받았습니다,1,
본 포스팅은 체험단 으로 선정되어 작성한 솔직 리뷰입니다.,1,
무상으로 제품을 지원받아 작성된 솔직한 후기입니다,1,
본 포스팅은 제품을 제공받아 작성한 솔직 리뷰입니다.,1,
본 포스팅은 이벤트에 당첨되어 작성한 솔직 리뷰입니다.,1,
본 포스팅은 원고료를 제공받아 작성한 솔직 리뷰입니다.,1,
본 포스팅은 원고료와 제품을 제공받아 작성한 솔직 리뷰입니다.,1,
100% 본 포스팅은 식사권을 제공받아 작성한 솔직 리뷰입니다.,1,
포인트혜택을 지원받아 작성되었지만 솔직한 후기입니다,1,
원고료와 제품을 지원받아 작성되었지만 솔직한 후기입니다,1,
무상으로 서비스를 지원받아 이용후 작성한 솔직한 후기,1,
할인혜택을 지원받았지만 솔직하게 작성된 후기입니다,1,
체험단에 선정되어 솔직하게 작성한 후기입니다,1,
파트너스활동을 통해 일정의 수수료를 제공받을수 있습니다,1,
이벤트 당첨되어 작성한 솔직한 후기,1,
광고중 유료광고가 포함되어 있습니다,1,
본 포스팅은 제품을 지원받아 작성되었습니다,1,
본 포스팅은 소정의 원고료를 지원받아 작성되었습니다,1,
01 제휴링크가 포함되어 소정의 수수료를받을수 있습니다.,1,
본 포스팅은 이벤트에 당첨되어 작성되었습니다,1,
본 포스팅은할인혜택을 적용받아 작성되었습니다.,1,
point 본 포스팅은 적립금을 지원받아 작성되었습니다.,1,
본 포스팅은 파트너스 활동으로 소정의 수수료를 제공받습니다,1,
식사권 본 포스팅은 식사권을 지원받아 작성되었습니다.,1,
본 포스팅은 서비스를 제공받아 이용 후 작성되었습니다.,1,
'본 포스팅은 유료광고를 포함하고 있습니다,1,
본 포스팅은 제품을 지원받아 사용후 작성된 찐후기입니다,1,
본 포스팅은 식사권을 제공받아 식사후 작성된 찐후기입니다,1,
본 포스팅은 이용권을 제공받아 작성된 찐후기입니다,1,
본 포스팅은 서비스를 제공받아 작성된 찐후기입니다,1,
본 포스팅은 원고료를 지원받아 작성된 찐후기입니다,1,
본 포스팅은 제품과 원고료 지원받아 사용후 작성된 찐후기입니다,1,
본 포스팅은 체험단에 선정되어 작성된 찐후기입니다 ,1,
본 포스팅은 파트너스 활동으로 일정액의 수수료를 받을 수 있습니다,1,
광고지만 누구보다 꼼꼼하게 리뷰했습니다 ,1,
'본 포스팅은 [유료광고를 포함하고 있습니다,1,
본 포스팅은 이용권을 제공받아 작성되었습니다,1,
본 포스팅은 식사권을 제공받아 작성되었습니다,1,
본 포스팅은 서비스를 제공받아 작성되었습니다,1,
♡ 본 포스팅은 제품 및 원고료를 받고 작성되었습니다,1,
본 포스팅은 - 소정의 원고료를 받고 작성되었습니다,1,
본 포스팅은. 제품을 제공받아 작성되었습니다,1,
본 포스팅은 (이벤트에 당첨되어 작성하였습니다,1,
'본 포스팅은'♡체험단으로 선정되어 작성하였습니다,1,
본 포스팅은 파트너스 활동으로 일정의 수수료를 받을 수 있습니다,1,
본 포스팅은 해당업체로부터 서비스를 제공받아 작성했습니다,1,
본 포스팅은 해당업체로부터 제품을 지원받아 작성했습니다,1,
본 포스팅은 업체로부터 식사권을 제공받아 작성했습니다,1,
본 포스팅은 소정의 원고료를 지원받아 작성했습니다,1,
본 포스팅은 유료광고를 포함하고 있습니다,1,
본 포스팅은 이벤트에 당첨되어 작성된 리뷰입니다,1,
체험단 선정으로 작성했습니다,1,
본 포스팅은 파트너스 활동을 포함하고 있습니다,1,
협찬과 광고가 포함되어 있습니다,1,
소정의 원고료를 지급받았습니다,1,
광고지만 꼼꼼하게 리뷰했습니다,1,
본 포스팅은 소정의 원고료를 지원받아 솔직히 작성한 글입니다.,1,
ooX 경제적 대가없이 작성된 솔직한 리뷰입니다,1,
"본 포스팅은 ""제품을 제공받아” 솔직하게 작성되었습니다",1,
"본 포스팅은 ""소정의 원고료를' 지원받아 솔직하게 작성되었습니다",1,
본 포스팅은 “유료광고를” 포함하고 있습니다,1,
"본 포스팅은 ""체험단에 선정되어 상품을 무상지원받아"" 솔직하게 작성되었습니다",1,
"본 포스팅은 ""제휴링크가 연결되어 소정의 수수료를 "" 받을 수 있습니다",1,
"본 포스팅은 ""파트너스 활동으로 소정의 수수료를” 받을수있습니다",1,
"본 포스팅은 ""이벤트에 당첨 뒤"" 솔직하게 작성되었습니다",1,
"본 포스팅은 “제품만을 지원받아"" 사용 후 솔직하게 작성되었습니다",1,
"본 포스팅은 “식사권을 지원받아"" 시식 후 솔직하게 작성되었습니다",1,
"본 포스팅은 ""이용권을 제공받아” 이용 후 솔직하게 작성되었습니다",1,
본 포스팅으로 금전적 대가를 제공받았음을 알립니다,1,
오늘의 포스팅은 협찬 및 광고를 포함하고 있습니다,1,
오늘의 포스팅은 제품을 지원받아 직접 사용하여 작성한 후기입니다,1,
오늘의 포스팅은 식사권을 제공받아 직접 먹어본 후 작성한 후기입니다,1,
오늘의 포스팅은 체험단으로 선정되어 체험 후 솔직하게 작성하였습니다,1,
오늘의 포스팅은 파트너스 활동으로 일정액의 수수료를 제공받습니다,1,
오늘의 포스팅은 제품과 원고료를 지원받아 솔직하게 작성하였습니다,1,
오늘의 포스팅은 소정의 원고료를 지원받아 솔직하게 작성한 후기입니다,1,
오늘의 포스팅은 이벤트에 당첨되어 작성한 후기입니다,1,
오늘의 포스팅은 서비스를 제공받고 작성한 후기입니다,1,
제품을 업체로부터 제공받아 솔직하게 작성한 리뷰입니다.,1,
업체로부터 원고료를 지원받아 솔직하게 작성한 리뷰입니다.,1,
업체에서 제품·원고료를 지원받아 솔직하게 작성한 리뷰입니다.,1,
<제품제공 본 포스팅은 업체로부터 제품을 제공받아 체험후 작성하였습니다.,1,
<원고료 지원 본 포스팅은 업체로부터 원고료를 지원받아 작성하였습니다.,1,
<제품·원고료 지원) 본 포스팅은 업체로부터 제품과 원고료를 지원받아 작성하였습니다.,1,
<서비스 제공 본 포스팅은 업체로부터 서비스를 제공받아 체험 후 작성하였습니다.,1,
광고 유료광고를 포함하고 있습니다,1,
891 식사권 제공 본 포스팅은 업체로부터식사권을 제공받아작성하였습니다.,1,
본 포스팅은 체험단에 선정되어 체험 후 작성하였습니다,1,
본 포스팅은 활동을 통해 파트너스 수수료를 제공받습니다.,1,
event & 본 포스팅은 이벤트에 당첨되어 작성한 글입니다.,1,
본 포스팅은 업체로부터 경제적 대가를 제공받았으나 솔직하게 작성하였습니다.,1,
* 무상 제공 업체로부터 무상으로 제품을 제공받아 체험후 작성하였습니다.,1,
무상 ♡ 제공!,1,
업체로부터 무상으로 서비스를 제공받아 체험 후 작성하였습니다.,1,
본 포스팅은 광고&협찬 포함하고 있습니다.,1,
본 포스팅은 유료광고를 포함하고 있습니다.,1,
업체로부터 제품을 지원받아 솔직하게 작성한 리뷰입니다.,1,
본 포스팅은 이벤트에 당첨되어 솔직하게 작성한 리뷰입니다.,1,
체험단으로 선정되어 체험후 솔직하게 작성한 리뷰입니다.,1,
본 포스팅은 원고료를 지원받아 솔직하게 작성한 리뷰입니다.,1,
DC 할인혜택을 적용받았으나 솔직한 후기,1,
제품을 협찬받아 사용 후 솔직하게 작성한 후기,1,
해당 후기는 업체로부터 소정의 보상을 받아 작성된 후기입니다,1,
이벤트에 당첨되어 작성된 후기,1,
식사권을 제공받아 식사후 솔직하게 작성한 리뷰입니다,1,
적립금을 지원받아 작성되었지만 솔직한 후기,1,
본 포스팅은 파트너스 활동으로 일정액의 수수료를 제공받습니다,1,
소정의 원고료를 지원받았지만 솔직한 후기,1,
서비스을 제공받아이용 후 솔직하게 작성한 후기,1,
파트너스활동으로 소정의 수수료를 제공 받습니다,1,
* 본 포스팅은 체험단으로 선정되어 체험후 솔직하게 작성하였습니다,1,
유료광고를 포함하고 있습니다,1,
식사권을 지원받아 식사 후 솔직하게 작성한 후기,1,
본 포스팅은 제품을 제공받아 사용후 솔직하게 작성하였습니다,1,
본 포스팅은 소정의 원고료를 제공받아 솔직하게 작성하였습니다,1,
본 포스팅은 해당 업체로부터 제품을 제공받아 솔직하게 작성했습니다.,1,
본 포스팅은 해당 업체로부터 원고료를 제공받아 솔직하게 작성했습니다,1,
업체의 식사권을 제공받고 작성한 솔직후기입니다.,1,
100% TICKETS 식사권을 받았지만 재방문 의사가 확실히 있습니다,1,
해당업체로부터 제품을 제공받아 작성하였습니다.,1,
본 포스팅은 협찬과 광고를 포함하고 있습니다,1,
본 포스팅은 서비스를 제공받아 체험한 후에 리뷰해보았습니다,1,
이벤트당첨 후에 작성하였습니다,1,
본 포스팅은 소정의 원고료를 제공받은 후기입니다.,1,
파트너스 활동을 통해 일정액의 수수료를 제공받을 수 있습니다.,1,
이벤트 당첨으로 작성된 리뷰입니다 제품을 협찬받아 작성되었습니다 (\),1,
유료광고가 포함되어있습니다,1,
원고료를 지원받아 작성된 리뷰입니다.,1,
체험단으로 선정되어 체험 후 작성되었습니다,1,
파트너스 활동을 통해 수수료를 받을 수 있습니다,1,
서비스를 지원받아 작성되었습니다,1,
협찬받았어요,1,
(+ 유료 광고 포함,1,
본 포스팅은 업체로부터 제품을 무상으로 제공받아 작성된 글입니다.,1,
본 포스팅?은 업체로부터 식품을 무상으로 제공받아 작성된 글입니다.,1,
광고포함,1,
본 포스팅은 유료광고를 포함하고 있음을 알립니다.,1,
본 포스팅은 업체로부터 소정의 원고료를 지급받아 작성된 글입니다.,1,
ㅁ 본 포스팅은 ♡ 무상으로 제공받아 업체로부터 서비스를 작성된 글입니다.,1,
본 포스팅은 '업체로부터 제품과 원고료를 지급받아 작성된 글입니다.,1,
본 포스팅은 파트너스 활동을 통해 일정액의 수수료 받을 수 있습니다.,1,
본 포스팅은 업체로부터 무료로 제공받아 식사권을 작성된 글입니다.,1,
본 포스팅은 업체로부터 무료로 이용권을 제공받아 작성된 글입니다.,1,
본 포스팅은 업체로부터 무료로체험권을 제공받아 작성된 글입니다.,1,
본 포스팅은 신제품 홍보를 위해 원고료를 지급받아 작성된 글입니다.,1,
본 포스팅은 업체를 통해 일정액을 지급받고 홍보목적으로 작성됨을 밝힙니다.,1,
본 포스팅은 EVENT를 통해 당첨되어 작성한 후기글입니다.,1,
본 포스팅은 체험단에 선정되어 제품을 무상 제공받아 작성한 후기글입니다.,1,
본 포스팅은 체험단에 선정되어 무료이용권을 제공받아 작성한 후기글입니다.,1,
이 글은 유료광고를 포함하고 있습니다.,1,
이 글은 파트너스 활동으로 일정금액의 수수료를 제공받습니다,1,
이 글은 소정의 원고료를 지원받아 솔직하게 작성한 리뷰입니다.,1,
이글은 식사권을 제공받아 식사 후 솔직하게 작성한 리뷰입니다.,1,
이 글은 제품과 원고료를 지원받아 솔직하게 작성하였습니다,1,
) 본 포스팅은 파트너스 활동으로 일정액의 수수료를 제공받습니다,1,
본 포스팅은 이벤트에 당첨되어 작성하였습니다,1,
이글은 체험단으로 선정 되어 충분히 체험 후 작성하였습니다,1,
이글은 이벤트에 당첨된 후 솔직하게 작성한 리뷰입니다,1,
광고지만 진심을담아 <솔직하게 리뷰했습니다,1,
체험단으로 선정되어 체험후 솔직하게 작성한 리뷰입니다,1,
업체로부터 제품을 지원받아 솔직하게 작성한 리뷰입니다,1,
이글은 제품만을 지원받아  충분히 체험한후 작성하였습니다,1,
본 포스팅은 광고와 형찬이 포함된 리뷰입니다,1,
본 포스팅은 할인권을 제공받아 솔직하게 작성한 리뷰입니다,1,
본 포스팅은 식사권을 제공받아 작성한 리뷰입니다,1,
본 포스팅은 이벤트에 당첨되어 솔직하게 작성한 리뷰입니다,1,
소정의 원고료를 지원받아 솔직하게 작성한 리뷰입니다,1,
본 포스팅은 체험단으로 선정되어 작성한 리뷰입니다,1,
본 포스팅은 원고료를 지원받아 작성한 리뷰입니다.,1,
본 포스팅은 업체로부터 제품만을 무상 제공받아 작성한 리뷰입니다,1,
본 포스팅은 업체로부터 제품과 원고료를 받아 작성한 리뷰입니다.,1,
본 포스팅은 파트너스 활동을 통해 일정수수료를 제공받을 수 있습니다.,1,
이 포스팅은 제품을 지원받아 사용 후 작성된 찐후기입니다,1,
이 포스팅은 식사권을 제공받아 식사 후 작성된 찐후기입니다,1,
이 포스팅은 이벤트에 당첨되어 체험 후 작성된 찐후기입니다,1,
이 포스팅은 원고료를 지원받아 작성된 찐후기입니다,1,
체험단에 선정되어 작성된 찐후기입니다,1,
파트너스 활동으로 일정액의 수수료를 제공받을 수 있습니다,1,
광고지만 누구보다 꼼꼼하게 리뷰했습니다.,1,
이 포스팅은 유료광고를 포함하고 있습니다.,1,
상세정보 및 구매는 링크를 확인하세요,1,
해당 포스팅은 유료광고를 포함한 포스팅 입니다,1,
해당 포스팅은 식사권을 제공받은 솔직포스팅 입니다,1,
해당 포스팅은 체험단 선정으로 작성한 포스팅입니다.,1,
해당 포스팅은 이벤트 당첨으로 작성한 포스팅입니다,1,
해당 포스팅은 원고료를 받고 작성한 포스팅입니다,1,
해당 포스팅은 제품 & 원고료를 받고 작성한 포스팅입니다,1,
해당 포스팅은 서비스를 제공받고 작성한 포스팅입니다.,1,
해당 포스팅은 제품만 제공 받고 작성한 포스팅입니다,1,
본 포스팅은 유료광고를 포함하고 있습니다,1,
본 포스팅은 체험단에 선정되어 체험 후 솔직하게 작성하였습니다.,1,
본 포스팅은 제공받아 제품을 작성한 솔직~ 리뷰입니다♡,1,
본 포스팅은 원고료를 지원받아 솔직하게 작성한 리뷰입니다.,1,
본 포스팅은  서비스를 제공받아 작성한 솔직하게 리뷰입니다,1,
본 포스팅은 유료 광고를 포함한 리뷰입니다,1,
?본 포스팅은 제품을 제공받아 솔직하게 작성한 리뷰입니다.,1,
파트너스 활동으로 일정액의 수수료를 제공받을 수 있습니다.,1,
본 포스팅은 원고료를 지원받아 솔직하게 작성한 리뷰입니다,1,
업체로부터 식사권은 제공받아 작성한 후기입니다.,1,
본 포스팅은 제품과 원고료를 지원받아 솔직하게 작성한 리뷰입니다,1,
소정의 원고료를 받고 솔직하게 작성한 리뷰입니다,1,
본 포스팅은' 체험단에 선정되어 체험 후 작성한 리뷰입니다.,1,
본 포스팅은 식사권을 제공받아 식사후 작성한 리뷰입니다,1,
본 포스팅은 이벤트에 당첨되어 작성한 리뷰입니다,1,
본 포스팅은 파트너스 활동으로 일정액의 수수료를 제공받습니다,1,
제품만을 제공받아 솔직하게 쓴 리뷰입니다,1,
이벤트에 당첨되어 솔직하게 쓴 리뷰입니다,1,
광고와 협찬을 포함하고 있습니다.,1,
이 포스팅은 식사권을 제공받아 식사 후 작성된 찐후기입니다,1,
이 포스팅은 제품을 지원받아 사용 후 작성된 찐후기입니다,1,
이 포스팅은 원고료를 지원받아 작성된 찐후기입니다,1,
이 포스팅은 이벤트에 당첨되어 체험 후 작성된 찐후기입니다,1,
파트너스 활동으로 일정액의 수수료를 제공받을 수 있습니다.,1,
체험단에 선정되어 작성된 찐후기입니다,1,
[광고중 이 포스팅은 유료광고를 포함하고 있습니다,1,
광고지만 누구보다 꼼꼼하게 리뷰했습니다,1,
업체로부터 제품·비용을 제공받아 작성된 후기입니다.,1,
AGA 본 포스팅은 체험단으로 선정되어 체험 후 솔직하게 작성하였습니다,1,
본 포스팅은 파트너스 활동으로 일정액의 수수료를 제공받습니다,1,
본 포스팅은 제품과 원고료를 지원받아 솔직하게 작성한 리뷰입니다.,1,
본 포스팅은 제품만을 지원받아 솔직하게 작성한 리뷰입니다. ,1,
본 포스팅은 소정의 원고료를 지원받아 솔직하게 작성한 리뷰입니다.,1,
본 포스팅은 식사권을 제공받아 식사 후 솔직하게 작성한 리뷰입니다.,1,
본 포스팅은 이벤트에 당첨되어 작성한 리뷰입니다.,1,
업체로부터 제품을 제공받아 작성하였습니다,1,
업체로부터 원고료를 지원받아 작성하였습니다,1,
업체로부터 제품·원고료를 지원받아 작성하였습니다,1,
본 포스팅은 업체로부터 무상 제공받아 작성된 솔직후기입니다.,1,
본 포스팅은 ? ♥지원받아 소정의 원고료를 작성하였습니다,1,
본 포스팅은 제품을 제공받아 솔직하게,1,
본 포스팅은 제품을 제공받아 ♥ 직접체험 후.. 작성했습니다,1,
본 포스팅은 원고료를 지원받았으나 솔직하게 작성하였습니다,1,
"본 포스팅은 제품과 원고료를 지원"" 받아 작성했습니다",1,
'본 포스팅은 식사권을 제공받아 솔직하게 시식후 '작성했습니다',1,
본 포스팅은 파트너스 활동을 통해 일정액의 수수료를 받을 수 있습니다,1,
본 포스팅은 카페이용권을 제공받아 시식후 리뷰했습니다!,1,
본 포스팅은 업체로부터 제품을 제공받아 작성하였습니다.,1,
본 포스팅은 업체로부터 원고료를 지원받아 작성하였습니다.,1,
본 포스팅은 업체로부터 제품과 원고료를 지원받아 작성하였습니다.,1,
본 포스팅 업체로부터 서비스와 원고료를 지원받아 작성하였습니다.,1,
본 포스팅은 업체로부터 무상으로 제품을 지원받아 작성하였습니다.,1,
본 포스팅은 업체로부터 무상으로 서비스를 제공 받아 작성하였습니다.,1,
본 포스팅은 체험단에 선정되어 체험 후 솔직하게 작성하였습니다.,1,
본 포스팅은 이벤트에 당첨되어 체험 후 솔직하게 작성하였습니다.,1,
본 포스팅은 파트너스 활동을 통해 수수료를 제공받을 수 있습니다.,1,
본 포스팅은 업체로부터 경제적 대가를 제공받았지만 솔직하게 작성하였습니다.,1,
본 포스팅은 협찬·광고를 포함하고 있습니다.,1,
제품 및 원고료를 받고 작성되었습니다,1,
100% 이용권을 지원받아 작성되었습니다,1,
체험단으로 선정되어 작성하였습니다,1,
서비스를 지원받아 작성되었습니다,1,
식사권을 지원받아 작성되었습니다,1,
이벤트에 당첨되어 작성하였습니다,1,
소정의 원고료를 받고 작성되었습니다,1,
♡제품을 제공받아 작성되었습니다,1,
파트너스 활동으로 일정의 수수료를 받을 수 있습니다,1,
유료광고를 포함하고 있습니다. ,1,
본 포스팅은 유료광고를 포함하고 있습니다,1,
쿠팡파트너스의 일환으로 일정의 수수료를 받을 수 있습니다.,1,
이벤트에 당첨되어 작성한 후기입니다.,1,
본 포스팅은 파트너스 활동을 포함하고 있습니다.,1,
제품과 원고료를 지원받았지만 솔직한 의견을 담은 리뷰입니다,1,
본 포스팅은 체험단으로 선정되어 작성한 후기입니다.,1,
본 포스팅은 협찬 및 광고를 포함하고 있습니다,1,
본 포스팅은 소정의 원고료를 지원받아 작성하였습니다,1,
식사권을 제공받고 작성하지만 솔직하게 작성하는 리뷰입니다,1,
할인권을 제공받아 작성하였지만 솔직하게 작성한 리뷰입니다,1,
해당제품을 무상으로 제공받았지만 솔직하게 작성한 후기입니다.,1,
본 포스팅은 무상으로 서비스를 제공받아 작성하는 솔직한 리뷰입니다,1,
본 포스팅은 수익형 링크를 포함하고 있습니다.,1,
업체로부터 제품협찬받음,1,
업체로부터 체험권제공받음,1,
업체로부터 원고료지원받음,1,
업체로부터 서비스제공받음,1,
본 포스팅은 업체로부터 제품을 제공받아 작성되었습니다,1,
본 포스팅은 협찬을 받았지만 솔직하게 작성했습니다,1,
업체로부터 식사권을 제공 받았지만 직접 먹어보고 솔직하게 썼어요. ㅎ,1,
업체로부터 제품을 무상제공 받았지만 직접 사용해보고 솔직하게 썼어요.ㅎ,1,
이 포스팅은 해당 업체로부터 제품만을 제공받아 직접 사용 후 솔직하게 작성하였습니다.,1,
업체로부터 제품 혹은 서비스를 제공받아 직접 이용 후 솔직하게 작성한 포스팅입니다,1,
해당 제품은 업체로부터 제품을 협찬받아 작성한 주관적 후기입니다.,1,
본 포스팅은 해당업체로부터 협찬 받아 체험 후 작성하였습니다.,1,
본 포스팅은 해당업체로부터 금전적 지원을 받고 작성하였습니다.,1,
이 포스팅은 광고를 포함하고 있습니다.,1,
파트너스활동 수익의 일부를 지급받을 수 있음,1,
"1본 포스팅은 해당업체로부터 ""원고료를 지급받고",1,
본 포스팅은  해당업체로부터 수료를 지급받고,1,
♥솔직하게♡ 작성한 글입니다.* 본 포스팅은 <해당업체로부터 제품을 제공받아,1,
"본 포스팅은 해당업체로부터 제품과 원고료를 지원받고 솔직하게♥작성한 글입니다.""",1,
"본 포스팅은 해당업체로부터 ""이용권을 제공받고"" 솔직하게 작성함 진심입니다-",1,
본 포스팅은♡ 해당업체로부터 서비스를 제공받고 솔직하게 작성함 -진심입니다-,1,
"- 본 포스팅은 ""해당업체로부터 시식권을 제공받고 솔직하게 작성함 -진심입니다-",1,
이 포스팅은 체험단에 선정되어 정성을 담아 작성했어요,1,
이 포스팅은 알림! 광고가 포함되어 있습니다,1,
"이 포스팅은 파트너스'"" 알림!! 활동으로 수수료가 발생합니다",1,
체험단을 통해 체험받고 쓰는 솔직한 후기,1,
소정의 원고료를 지급받았지만 꽤 솔직한 후기 ,1,
이벤트 당첨 찐 후기,1,
업체로부터 제품을 받아 작성한 후기,1,
업체로부터 서비스 받고 작성한 후기,1,
(앞.광고(?) 광고글이지만 유익한 정보,1,
업체로부터 적립금을 받고 작성한 후기 ,1,
업체로부터 식사권 제공받고작성한 후기,1,
제품만을 제공받아 작성한 후기입니다.,1,
파트너스 활동으로 구매액의 일부를 받아요,1,
본 포스팅은 체험단에 선정되어 상품을 무상제공받은 후 솔직하게 작성되었습니다.,1,
본 포스팅은 소정의 원고료를 지원받아 솔직하게 작성한 글입니다.,1,
파트너스 활동을 통해 일정액의 수수료를 제공받을 수 있습니다.,1,
☆ + 본 포스팅은 업체로부터 제품을 지원받아 작성되었습니다.,1,
본 포스팅은 업체로부터 음식을 무상제공 받아 시식한 솔직 후기 입니다.,1,
본 포스팅은 & 업체로부터 소정의 원고료를 지원받고 솔직하게 작성한 리뷰입니다,1,
본 포스팅은 체험단 프로그램이지만 직접 경험하고 솔직하게 작성된 리뷰입니다.,1,
?23 TICKET123. 본 포스팅은 업체로부터 무상제공 받은 초대권으로 체험한 뒤 작성한 리뷰입니다.,1,
이 포스팅은 유료광고를 포함하고 있습니다.,1,
본 포스팅은 업체로부터 제품을 제공받아 작성한 리뷰입니다,1,
본 포스팅은 업체로부터 소정의 원고료를 제공받아 작성한 리뷰입니다,1,
이글은 대가를 받고 솔직하게 작성한 후기입니다,1,
파트너스 활동의 일환으로 일정액의 수수료를 제공받습니다,1,
무상 제공받은 제품을 직접 사용 후 작성한 후기입니다.,1,
업체로부터 서비스를 제공받아 작성한 후기입니다.,1,
무상 제공받은 식품을 직접 시식 후 작성한 후기입니다.,1,
무료식사권을 제공받아 직접 시식 후 작성한 후기입니다. ,1,
무료이용권을 제공받아 직접 이용 후 작성한 후기입니다.,1,
무료체험권을 제공받아 직접 체험 후작성한 후기입니다.,1,
체험단에 선정되어 무상으로 제공받은 제품으로 작성한 후기입니다.,1,
이 포스팅은 파트너스 활동의 일환으로 리뷰어가 일정액의 수수료를 받게됩니다.,1,
업체로부터 소정의 원고료를 지원받은 글임을 알립니다.,1,
"업체에서 ""식사권 제공받고 쓴 후기임당",1,
솔직한 협찬후기,1,
본 포스팅은 해당업체로부터 제품을 제공받아 솔직하게 작성하였습니다.,1,
협찬받았어요,1,
소정의 원고료를 제공 받았어요,1,
업체로부터 제품 또는 서비스를 제공받아 솔직하게 작성했습니다.,1,
업체로부터 소정의 원고료를 지원받아 솔직하게 작성했습니다.,1,
이벤트 당첨되어 작성한 포스팅 ,1,
 체험권을 제공받고 작성한 포스팅,1,
할인권 제공받고 작성한 포스팅,1,
제품을 제공받고 작성한 포스팅,1,
이용권을 제공받고 작성한 포스팅,1,
원고료지원받고 작성한 포스팅,1,
식사권을 제공받고 작성한 포스팅,1,
파트너스활동 수수료 발생 (0),1,
적립금을 받고 작성한 포스팅 체험단 선정되어 작성한 포스팅,1,
본 포스팅은 제품만을 지원받아 작성된 글입니다,1,
본 포스팅은 소정의 원고료를 지원받아 솔직하게 작성된 글입니다,1,
위 포스팅은 제품과 원고료를 지원받아 작성된 솔직후기입니다!,1,
본 포스팅은 제품과 원고료를 지원받아 솔직하게 작성된 글입니다,1,
위 포스팅은 제품만을 제공받아 직접체험 후 작성된 솔직후기입니다!,1,
본 포스팅은 파트너스 활동으로 일정액의 수수료를 제공받습니다,1,
위 포스팅은 유료광고 포함하고 있습니다,1,
본 포스팅은 초대권을 제공받아 직접 체험 후 작성한 리뷰입니다,1,
본 포스팅은 협찬은 받았지만 너무 만족해서 쓰는리뷰입니다,1,
위 포스팅은 파트너스 활동으로 일정액의 수수료를 제공받을 수 있습니다.,1,
위 포스팅은 예명분으로 선정되어 직접체험 후 작성된 솔직후기입니다,1,
본 포스팅은 원고료를 지급받았지만 최대한 솔직하게 작성하였습니다,1,
본 포스팅은 유료광고를 포함하고 있습니다,1,
본 포스팅은 식사권을 제공받아 식사 후 솔직하게 작성한 리뷰입니다,1,
본 포스팅은 서비스를 제공받아 작성한 리뷰입니다 ,1,
체험단에 선정되서 작성한 포스팅이에요,1,
협찬을 받았지만 솔직하게 작성했습니다.,1,
파트너스 활동을 통해 일정액의 수수료를 제공받을 수 있어요,1,
소정의 원고료를 받았어요,1,
헤헤 본 포스팅은 식사권을 제공받아 작성된 리뷰입니다,1,
본 포스팅은 할인권을 제공받아 작성된 리뷰입니다,1,
본 포스팅은 체험권을 제공받아 작성된 리뷰입니다.,1,
본 포스팅은 파트너스 활동을 통해 일정의 수수료를 받습니다,1,
본 포스팅은 제품을 제공받아 작성된 리뷰입니다,1,
본 포스팅은 소정의 원고료를 받아 작성된 리뷰입니다,1,
위 포스팅은 서비스를 제공받아 작성된 후기입니다.,1,
위 포스팅은 제품을 제공받아 작성한 솔직한 후기입니다,1,
위 포스팅은 협찬 및 광고 내용을 포함하고 있습니다,1,
위 포스팅은 체험단 리뷰를 포함하고 있습니다,1,
파트너스 활동을 통해 일정액의 수수료를 제공받을 수 있습니다,1,
위 포스팅은 유료광고를 포함하고 있는 후기입니다,1,
위 포스팅은 원고료를 지원받아 작성된 후기입니다,1,
이 글은 업체로부터 서비스를 제공받아 솔직하게 작성되었습니다,1,
이 글은 -협찬 및 원고료를 지원받아 작성되었습니다,1,
이 글은 업체로부터 소정의 원고료를 지원받아 솔직하게 작성되었습니다.,1,
이 글은 업체로부터 체험권을 제공받아 솔직하게 작성되었습니다,1,
이 글은 일부금액을 지원받아 작성된 솔직한 후기글 입니다.,1,
#광고 #협찬,1,
해당업체로부터 제공받아 작성되었음을 알립니다.,1,
본 포스팅은 해당 업체로부터 소정의 원고료를 지원받아 작성된 리뷰입니다,1,
본 포스팅은 해당 업체로부터 소정의 제품을 지원받아 작성된 리뷰입니다,1,
제품지원받아 작성했어요,1,
원고료를 받아 작성했어요,1,
원고료를 지원받아 작성하였습니다.,1,
제품을 지원받아 작성하였습니다.,1,
원고료 제품을 지원받아 작성하였습니다.,1,
브랜드 지원을 받아 작성하였습니다.,1,
파트너스 활동을 통해 수수료를 제공받을 수 있습니다..,1,
협찬광고를 포함하고 있습니다.,1,
본 포스팅은 해당 업체로부터 협찬을 받아 솔직하게 작성한 후기입니다.,1,
본 포스팅은 해당 업체로부터 무료로 제품을 제공받아 작성한 후기입니다.,1,
본 포스팅은 해당 업체로부터 식사권을 제공받아 작성한 후기입니다.,1,
본 포스팅은 업체로부터 소정의 원고료를 제공받아 작성되었습니다,1,
해당 업체로부터 제품을 제공받아 작성된 리뷰입니다.,1,
본 포스팅은 해당 업체로부터 협찬+내돈내산한 솔직한 후기입니다.,1,
?이글은 업체로부터 제품을 제공받아 직접 사용후 작성한 솔직한 리뷰입니다,1,
본 포스팅은 해당 업체로부터 서비스만을 제공받아 작성한 후기입니다.,1,
본 포스팅은 업체로부터 서비스를 제공받아 작성되었습니다,1,
해당 업체로부터 원고료를 지원받아. 작성된 리뷰입니다.,1,
해당 업체로부터 '서비스를 제공받아 작성 된 리뷰입니다.,1,
본 포스팅은 해당 업체로부터 원고료를 지원받아 작성한 후기입니다.,1,
해당 업체로부터 체험권을 제공받아 작성된 리뷰입니다.,1,
이 포스팅은 유료광고를 포함하고 있습니다.,1,
본 포스팅은 업체로부터 제품을 제공받아 작성되었습니다,1,
본 포스팅은 해당 업체로부터 제품을 제공받아 솔직하게 작성된 리뷰입니다.,1,
파트너스 활동의 일환으로 수익의 일부를 지급 받을 수 있습니다.,1,
본 포스팅은 업체로부터 소정의 원고료를 지원받고 작성된 후기입니다.,1,
이 포스팅은 쿠팡 파트너스 활동의 일환으로,1,
본 포스팅은 해당업체로부터 원고료를 지원받아 솔직하게 작성된 리뷰입니다,1,
본 포스팅은 제품만을 제공받아 솔직하게 작성된 리뷰입니다,1,
본 포스팅은 업체로부터 무상으로 제공받았지만 솔직하게 작성하였습니다,1,
본 포스팅은 업체로부터 제품만을 제공받아 작성되었습니다,1,
본 포스팅은 유료 광고를 포함하고 있습니다,1,
본 포스팅은 업체로부터 식사권만을 제공받아 작성되었습니다,1,
본 포스팅은 해당 업체로부터 상품과 소정의 원고료를 지원받아 작성되었습니다,1,
이 포스팅은 해당업체의 상품 및 서비스만을 제공받고 솔직하게 작성된 후기입니다,1,
본 포스팅은 해당 업체로부터 소정의 원고료를 지원받아 작성되었습니다,1,
본 포스팅은 파트너스 활동을 통해 일정액의 수수료를 제공받을 수 있습니다,1,
(NOTICE) 브랜드 지원을 받아 작성하였습니다.,1,
NOTICE 협찬광고를 포함하고 있습니다.,1,
NOTICE 파트너스 활동을 통해 수수료를 제공받을 수 있습니다.,1,
NOTICE 원고료 제품을 지원받아 작성하였습니다.,1,
제품을 지원받아 작성하였습니다.,1,
원고료를 지원받아 작성하였습니다.,1,
유료 광고 포함,1,
#협찬♡#광고♡  (경제적 대가 제공) 공정위문구 표기,1,
본 게시물은 업체에서 무상 제공받아 솔직하게 작성한 리뷰입니다.,1,
제품을 제공받아 직접 사용한 뒤 작성했습니다,1,
본 포스팅은 유료광고를 포함합니다,1,
해당 업체로부터 원고료를 받아 작성했습니다.,1,
파트너스 활동으로 일정 수수료 제공을 지급 받을 수 있습니다,1,
본 포스팅은 해당 업체의 원고료 지원으로 작성했습니다,1,
원고료를 지원 받았으나 솔직하게 작성했습니다,1,
제품 협찬리뷰 임을 알려드립니다,1,
체험단 리뷰 임을 알려드립니다,1,
업체로부터 소정의 원고료를 지원받아 솔직하게 작성하였습니다,1,
업체로부터 식사권을 지원받아 시식 후 솔직하게 작성하였습니다,1,
? 위 포스팅은 체험단 리뷰를 포함하고 있습니다,1,
위 포스팅은 제품을 제공받아 작성한 솔직한 후기입니다,1,
체험단으로 선정되어 작성하였습니다,1,
유료광고를 포함하고 있습니다.,1,
식사권을 지원받아 작성되었습니다,1,
* 본 포스팅은 해당업체의 협찬을 받아 작성되었음을 알립니다.,1,
제품 및 원고료를 받고 작성되었습니다 ,1,
이벤트에 당첨되어 작성하였습니다,1,
이용권을 지원받아 작성되었습니다,1,
소정의 원고료를 받고 작성되었습니다,1,
본 포스팅은 원고료를 지원받아 솔직하게 작성한 리뷰입니다,1,
?본 포스팅은 제품을 제공받아 솔직하게 작성한 리뷰입니다,1,
파트너스 활동으로 일정의 수수료를받을 수 있습니다,1,
서비스를 지원받아 작성되었습니다,1,
이벤트에 당첨되어 제품을 제공받아 작성한 솔직리뷰입니다,1,
업체로부터 무상으로 제품을 제공받아 직접 사용해본 후,1,
업체로부터 제품을 제공받아 사용 후 작성한 솔직리뷰입니다,1,
$소정의 원고료를 제공받아 솔직하게 작성하였습니다,1,
파트너스 활동을 통해 일정액의 수수료를 제공받을 수 있습니다,1,
업체로부터 소정의 원고료를 지원받아 작성된 글입니다.,1,
업체로부터 무상으로 식품을 제공받아 직접 시식해본 후,1,
업체로부터 식사권을 제공받아 식사 후 작성한 솔직리뷰입니다,1,
업체로부터 무상으로 이용권 제공받아 작성된 글입니다.,1,
위 포스팅은 원고료를 지원받아 작성된 후기입니다,1,
파트너스 활동을 통해 일정액의 수수료를 제공받을 수 있습니다,1,
업체로부터 무상으로 식사권을 제공받아 작성된 글입니다.,1,
업체로부터 무상으로 서비스를 제공받아 작성된 글입니다.,1,
위 포스팅은 이벤트 당첨으로 지원받아 작성된 후기입니다,1,
식사권을 제공받은 리뷰입니다,1,
SNS 이벤트 참여 리뷰입니다,1,
업체로부터 할인권을 제공받아 작성된 글입니다.,1,
업체로부터 식품과 원고료를 지원받아 작성된 글입니다.,1,
업체로부터 제품과 원고료를 지원받아 작성된 글입니다.,1,
협찬이지만 진심,1,
파트너스 활동을 통해 일정액의 수수료를 제공받을 수 있습니다.,1,
유료광고 포함 리뷰입니다,1,
체험단에 선정되어 제품을 무상 제공받아 작성된 글입니다.,1,
무료체험 리뷰입니다,1,
본 포스팅은 원고료를 제공받아 작성하는 솔직한 리뷰입니다,1,
위 포스팅은 체험단으로 선정되어 체험 후,1,
'제품협찬리뷰' 업체로부터 제품을 제공받아 직접 사용해 본 리뷰입니다.,1,
'정보성 리뷰' 원고료를 업체로부터 지원받아 정보 제공을 위해 작성된 리뷰입니다.,1,
본 포스팅은 업체로터 소정의 원고료를 지원받아 작성되었습니다.,1,
본 포스팅은 제품을 제공받아 작성하는 솔직한 리뷰입니다,1,
솔직 협찬 받았습니다,1,
본 포스팅은 협찬받아 광고를 포함하고 있습니다.,1,
본 포스팅은 제품 또는 서비스를 제공받아 직접체험후 작성되었습니다.,1,
본 포스팅은 업체로부터 이용권을 제공받았습니다.,1,
파트너스 활동을 통해 일정액의 수수료를 제공 받을 수 있습니다.,1,
광고&현차 해당업체로부터 제품을 제공받았지만 솔직하게 작성된후기입니다.,1,
본 포스팅은 업체로부터 소정의 원고료를 지원받아 작성되었습니다.,1,
본 포스팅은 업체로부터 제품을 제공받아 솔직하게 작성하였습니다,1,
원고료&제품협찬 리뷰임을 알려드립니다,1,
본 포스팅은 업체로부터 소정의 원고료를 지원받아 작성된 포스팅입니다,1,
협찬을 받아 작성한 솔직후기입니다,1,
본 포스팅은 파트너스 활동을 통해 일정액의 수수료를 제공받을 수 있음을 알려드립니다.,1,
본 포스팅은 유료광고를 포함하고 있습니다,1,
본 포스팅은 제품 및 서비스를 제공받아 작성한 글입니다,1,
체험단 리뷰,1,
제품협찬 리뷰,1,
업체제공 체험리뷰 이용권제공리뷰,1,
소정의 원고료를 받고 작성한 솔직후기입니다,1,
앞광고 솔직리뷰,1,
본 포스팅은 소정의 원고료를 제공받아 작성한 글입니다,1,
서비스체험 리뷰,1,
원고료 제품 협찬리뷰,1,
제품광고,1,
식사권제공 냠냠리뷰,1,
원고로지원리뷰,1,
커미션포함포스팅,1,
파트너스 수수료제공 포스팅리뷰 제휴마케팅 포스팅,1,
본 포스팅은 제품만 협찬 받아 작성한 솔직 후기 입니다.,1,
본 포스팅은소정의 원고료를 받고 작성한 솔직 후기 입니다.,1,
본 포스팅은 업체로부터 제품을 지원받아 작성한 리뷰입니다,1,
협찬을 받아 작성한 솔직후기입니다,1,
소정의 원고료를 받고 작성한 솔직후기입니다,1,
본 포스팅은 해당 업체로부터 소정의 제품을 제공받아 작성된 리뷰입니다,1,
본 포스팅은 해당 업체로부터 소정의 제품을 제공받았지만 솔직하게 작성한 후기입니다,1,
본 포스팅은 업체로부터 소정의 원고료를 지원받아 작성한 리뷰입니다,1,
본 포스팅은 유료광고를 포함하고 있습니다,1,
본 포스팅은 업체로부터 제품 또는 서비스를 지원받아 직접 체험 후 작성한 후기입니다,1,
본 포스팅은 해당업체로 부터 소정의 원고료를 제공받고 작성한 후기입니다!,1,
이글은 업체로부터 음식만 제공받고 솔직하게 작성한 리뷰입니다,1,
솔직리뷰 이 포스팅은 해당업체로부터 무상으로 협찬을 받고 작성한 솔직리뷰입니다.,1,
본 포스팅은 할인권을 지원받아 작성하였습니다.,1,
본 포스팅은 업체로부터 제품을 무상 제공받아 사용 후 솔직하게 작성한 글입니다.,1,
본 포스팅은 리뷰캐치의 서비스(제품)를 제공받아 작성하였습니다.|||||,1,
이 글은 강남맛집을 통해 본 업체에서 제품 또는 서비스를 제공받아 작성한 글입니다.,1,
이 글은 서울오빠를 통해 본 업체의 제품 또는 서비스를 제공받아 작성한 글입니다.,1,
이 글은 미블을 통해 본 업체에서 제품 또는 서비스를 협찬받아 주관적인 생각을 작성한 글입니다,1,
이 글은 디너의여왕을 통해 본 업체에서 제품 또는 서비스를 제공받아 솔직하게 작성하였습니다.,1,
이 글은 레뷰를 통해 본 업체에서 제품 또는 서비스를 제공받아 작성된 글 입니다. REVU,1,
강남맛집 체험단으로 협찬을 받아 솔직한 리뷰를 진행하였습니다:),1,
*이 글은 놀러와체험단을 통해 일부 협찬받아 솔직하게 작성된 리뷰입니다.,1,
협찬. 주식회사 쉐프마인드,1,
■ 식사권을 제공받아 작성한 글입니다,1,
이 글은 체험단을 통해 제품,1,
이글은 가보자 블로그를 통해 업체에서 이용권을 제공받아 작성된 리뷰입니다,1,
업체로부터 지원 받아 직접 시식 후 쓴 솔직 후기,1,
본 포스팅은 업체로부터 식사권을 제공받아 작성한 리뷰입니다,1,
본 포스팅은 유료광고를 포함하고 있습니다,1,
본 포스팅은 업체로부터 초대권을 제공받아 작성한 리뷰입니다,1,
본 포스팅은 업체로부터 식품을 제공받아 작성한 리뷰입니다,1,
본 포스팅은 업체로부터 할인을 제공받아 작성한 리뷰입니다,1,
본 포스팅은 업체로부터 식사권을 제공받았지만,1,
본 포스팅은 업체로부터 경제적 대가를 제공받아 작성한 리뷰입니다,1,
본 포스팅은,1,
본 포스팅은 파트너스 활동을 통해 일정 수수료를 받을 수 있습니다,1,
본 포스팅은 업체로부터 소정의 원고료만 지급 받고 작성된 리뷰입니다.,1,
본 포스팅은 업체로부터 제품만 제공받고 작성된 리뷰입니다.,1,
해당 제품을  무상제공 받아 솔직하게 작성했습니다.,1,
"소정의 원고료를 지원받아 ""?솔직하게 작성했습니다.",1,
이번 맛집 방문은 해당업체로부터 서비스를 제공받아 1 솔직하게 작성했습니다.,1,
이번 카페방문은 해당업체로부터 서비스를 제공받아 솔직하게 작성했습니다.,1,
이번 포스팅은 해당업체로부터 제품을 제공받아 3솔직하게 작성했습니다. ,1,
이번 포스팅은 해당업체로부터 @원고료를 지원받아 @ 솔직하게 작성했습니다.,1,
이번 포스팅은 서포터즈활동을 통해 소정의 원고료를? 지원받아 작성했습니다.,1,
본 포스팅은 ☆제품을 제공받아☆ 작성되었습니다.,1,
본 포스팅은 ☆원고료를 지원받아 A 작성되었습니다.,1,
본 포스팅은 ☆제품및원고료를 지원받아 &작성되었습니다.,1,
본 포스팅은 ☆서비스를 제공받아 ☆ 체험 후 작성되었습니다.,1,
본 포스팅은 유료광고를 포함하고 있습니다.,1,
협찬 받았지만 솔직한 후기임대,1,
본 포스팅은 업체로부터 제품만을 제공받아 사용 후 별도의 제약없이 작성된 솔직한 포스팅입니다.,1,
본 포스팅은 업체로부터 소정의 원고료를 지원받았지만 별도의 제약없이 작성된 솔직한 포스팅입니다.,1,
본 포스팅은 업체로부터 체험단으로 선정되어 별도의 제약없이 작성된 솔직한 포스팅입니다.,1,
본 포스팅은 업체로부터 서비스를 제공받았지만 별도의 제약없이 작성된 솔직한 포스팅입니다,1,
본 포스팅은 업체로부터 제품협찬 & 원고료를 받아,1,
사용 후 별도의 제약없이 작성된 솔직한 포스팅입니다.,1,
본 포스팅은 업체로부터 소정의 적립금을 지원받았지만 별도의 제약없이 작성된 솔직한 포스팅입니다.,1,
본 포스팅은 업체로부터 식사권을 제공받았지만 별도의 제약없이 작성된 솔직한 포스팅입니다,1,
본 포스팅은 상품추천을 통해 업체로부터 금전적인 대가를 지원받았음을 알려드립니다.,1,
제품협찬 직접 체험 후기,1,
제품협찬 사용 후 솔직 후기,1,
제품과 원고료 체험 후 작성후기,1,
제품과 원고료 직접 사용 후 작성후기,1,
체험권이 제공받아 직접 경험 후 작성,1,
원고료 지원 정보 소개 후기,1,
원고료 지원 체험 후 솔직후기,1,
소정의 원고료제공 받은 후기,1,
소정의 수수료제공 받은 후기,1,
적립금제공받은 솔직후기,1,
내돈 내시간 솔직한 후기!,1,
앞광고 직접 체험 후 솔직후기,1,
광고지만 적극 추천 후기!,1,
제품 협찬리뷰임을 알려드립니다,1,
본 포스팅은 업체로부터 제품만을 제공받아 작성된 포스팅입니다,1,
체험단 리뷰임을 알려드립니다,1,
식사권 1제공받아 직접시식 후 작성,1,
본 포스팅은 업체로부터 단순체험을 제공받아 작성된 포스팅입니다,1,
본 포스팅은 제품&원고료를 지원받았습니다,1,
본 포스팅은 커미션을 받을 수 있습니다,1,
제품/서비스를 제공받고 체험 후 작성했습니다,1,
원고료를 지원받았으나솔직하게 작성했습니다,1,
본 포스팅은 일정액의 수수료를 받을 수 있습니다,1,
적립금을 지원받아 상품을 구매후 작성했습니다,1,
본 포스팅은 식사권을 지원받아 작성했습니다,1,
본 포스팅은 홍보지원금을 받아 작성했습니다,1,
제품&원고료를 지원받았으나 솔직 하게 작성했습니다.,1,
본 포스팅은 유료광고가 포함되어 있습니다,1,
본 포스팅은 해당 업체로부터 소정의 원고료를 받아 작성되었습니다.,1,
본 포스팅은 해당 업체로부터 제품만을 지원받아 체험 후 작성되었습니다.,1,
본 포스팅은 해당 업체로부터 제품과 원고료를 지원받았지만 체험 후 작성되었습니다.,1,
본 포스팅은 해당 업체로부터,1,
서비스만을 지원받아 직접 체험 후 작성되었습니다.,1,
본 포스팅은 해당 업체로부터 서비스와 원고료를 지원받았지만 체험 후 작성되었습니다.,1,
본 포스팅은 해당 업체로부터 이용권만을 지원받아 체험 후 작성되었습니다.,1,
"본 포스팅은 해당 업체로부터 초대권을 지원받아 작성되었습니다.""",1,
본 포스팅은 해당 업체로부터 구매 후 페이백을 받았지만 솔직히 작성되었습니다.,1,
본 포스팅은 해당 업체로부터 경제적 대가를 받았지만 솔직히 작성되었습니다.,1,
본 포스팅은 해당 업체로부터 홍보지원금을 받았지만 솔직히 작성되었습니다.,1,
본 포스팅은 제휴 마케팅업체로부터 홍보에 대한 커미션이 발생될 수 있습니다.,1,
본 포스팅은 쿠팡파트너스 활동으로 홍보에 대한 수수료를 받을 수 있습니다.,1,
본 포스팅은 체험단 활동의 일환으로 직접 체험 후 솔직히 작성되었습니다.,1,
이 포스팅은 제휴마케팅이 포함된 광고로 일정 커미션을 지급 받을 수 있습니다.,1,
이 게시물은 업체로부터 소정의 제품을 지원받아 작성한 솔직 후기입니다,1,
이 포스팅은 업체의 지원을 받아 주관적인 소견으로 작성하였습니다,1,
이 포스팅은 소정의 수수료를 지급받았습니다,1,
이 게시물은 소정의 원고료를 지급받았지만 저의 솔직 후기입니다,1,
본 포스팅은 업체로부터 제품을 지원받아 작성한 글입니다.,1,
본 포스팅은 업체로부터 소정의 원고료를 지원받아 작성한 글입니다.,1,
제품을 제공받아 체험후 솔직하게 작성한 리뷰입니다.,1,
원고료를 지원받아 작성한 리뷰입니다.,1,
제품과 원고료를 지원받아 작성한 리뷰입니다,1,
서비스를 무료로 제공받아 작성한 리뷰입니다,1,
식사권을 제공받아 시식 후 작성한 리뷰입니다,1,
체험단으로 선발되어 체험 후 작성한 리뷰입니다,1,
본포스팅은 제휴마케팅이 포함되어 커미션을 받을 수 있습니다,1,
본포스팅은 파트너스활동을통해 일정액의 수수료를 제공받을수있습니다.,1,
본포스팅은 제휴링크가 포함되어 수수료를 지급받을수 있습니다,1,
제휴마케팅이 포함된 광고로 일정 커미션을 지급받을 수 있습니다.,1,
파트너스 활동으로 수수료를 지급받을 수 있습니다!,1,
업체로부터 제품을 제공받았습니다,1,
업체로부터 원고료를 제공받았습니다,1,
업체로부터 서비스를 제공받았습니다,1,
본 포스팅은 업체로부터 소정의 원고료를 제공받아 작성한 리뷰입니다,1,
본 포스팅은 업체로부터 제품을 제공받아 작성한 리뷰입니다,1,
본 포스팅은 업체로부터 제품을 대여받아 작성한 리뷰입니다,1,
본 포스팅은 업체로부터 제품 & 원고료를 제공받아 작성한 리뷰입니다,1,
본 포스팅은 업체로부터 서비스를 제공받아 작성한 리뷰입니다,1,
본 포스팅은 업체로부터 제공받아 이용권을 작성한 리뷰입니다,1,
본 포스팅은 업체로부터 원고료를 제공받았으나 솔직하게 작성하였습니다.,1,
너무 가지고 싶던 제품 협찬으로 정성껏 작성했어요,1,
본 포스팅은 업체로부터 제품을 제공받아 솔직하게 작성하였습니다.,1,
쿠팡 파트너스 활동을 통해 일정액의 수수료를 제공받을 수 있습니다,1,
△협찬인데 아이가 찐으로 좋아했어요,1,
본 포스팅은 업체로부터 서비스를 제공받아 솔직하게 작성하였습니다.,1,
제품을 제공받아 찐체험 후 솔직히 작성했어요,1,
협찬이지만 필수 미션 아닌 솔찍리뷰,1,
협찬이지만 내맘대로 리뷰,1,
원고료 받았어요 아이 까까값을 열심히 벌어야죠,1,
원고료를 받고 작성했어요,1,
원고료 받았어요 저도 먹고 살아야죠,1,
제품과 원고료 지원받아 작성했어요,1,
파트너스 활동을 통해 ≡ 소정의 수수료를= 받을 수 있습니다,1,
제휴마케팅이 포함되어 커미션을 지급받을 수 있습니다,1,
본 포스팅은 업체로부터 제품&서비스를 제공받아 솔직하게 작성하였습니다.,1,
본 포스팅은 업체로부터 원고료를 지급받아 솔직하게 작성하였습니다,1,
본 포스팅은 업체로부터 식사권을 지급받아 솔직하게 작성하였습니다,1,
이 포스팅은 해당 업체로부터 초대를 받아 방문 후 작성하였습니다,1,
이 포스팅은 해당 업체로부터 제품을 제공 받아 작성하였습니다,1,
이 포스팅은 해당 업체로부터 소정의 원고료를 받고 작성하였습니다,1,
이 포스팅은 해당 업체로부터 제품&원고료를 받고 작성하였습니다,1,
이 포스팅은 제휴 마케팅으로 일부 커미션을 받을 수 있습니다,1,
본 포스팅은 유료 광고를 포함하고 있습니다.,1,
#앞광고 #솔직담백,1,
업체로부터 식사권을 제공받아 직접 씹고,1, 맛보고 작성했습니다!
업체로부터 체험단으로 선발되어 열정적으로 체험 후 작성했습니다,1,
"업체로부터 원고료를 지원받은 만큼 ""솔직한 찐후기를 작성했어요",1,
본 포스팅은 파트너스 활동을 통해 일정액 수수료를 제공 받을 수 있습니다.,1,
업체로부터 이용권을 제공받고 누구보다 빡세게 이용 솔직한 후기를 담았습니다.,1,
이벤트를 통해 무상제공 받아☆직접 꼼꼼하게 체험 후 작성한 후기입니다.,1,
본 포스팅은 업체로부터 초대권을 제공받아 직접 방문 후 작성한 후기입니다.,1,
업체로부터 제품을 무상제공받아 직접 체험했지만 너무 좋아서 재구매할 예정!.,1,
본 포스팅은 업체로부터 제품을 제공받아 솔직하게 작성하였습니다,1,
본 포스팅은 업체로부터 원고료를 지원받아 솔직하게 작성하였습니다,1,
본 포스팅은 파트너스 활동을 통해 일정액의 수수료를받을 수 있습니다,1,
본 포스팅은 업체로부터 체험단으로 솔직하게 선정되어 작성하였습니다,1,
본 포스팅은 업체로부터 식사권을 제공받아 솔직하게 작성하였습니다,1,
본 포스팅은 협찬과 광고를 포함하여 작성된 글입니다.,1,
본 포스팅은 업체로부터 무상으로 제품을 제공받아 작성된 글입니다. ,1,
본 포스팅은 업체로부터 소정의 원고료를 지원받아 작성된 글입니다.,1,
본 포스팅은 업체로부터 무상으로 식사권을 제공받아 작성된 글입니다.,1,
본 포스팅은 업체로부터 무상으로 서비스를 제공받아 작성된 글입니다.,1,
본 포스팅은 업체로부터 제품과 원고료를 지원받아 작성된 글입니다.,1,
본 포스팅은 할인권을 업체로부터 제공받아 작성된 글입니다.,1,
본 포스팅은 이벤트 당첨을 통해 무상으로 지원받아 솔직하게 작성된 글입니다.,1,
본 포스팅은 체험단에 선정되어 제품을 무상 제공받아 작성된 글입니다.,1,
본 포스팅은 광고를 포함하고 있습니다.,1,
본 포스팅은 제품을 제공받아 작성했습니다,1,
본 포스팅은 원고료를 지원받아 작성했습니다,1,
해당 업체로부터 체험권을 제공받아 직접체험 후 작성하였습니다,1,
해당 업체로부터 경제적 대가를 받았지만 솔직하게 작성하였습니다,1,
해당 업체로부터 제품만을 협찬받아 직접사용/꼼꼼하게 작성하였습니다,1,
이 글은 광고를 포함하고 있습니다,1,
체험단 활동을 통해 업체로부터 제품을 무상제공받아 작성한 솔직 리뷰입니다,1,
본 포스팅은 V 할인 지원을 받고 작성하였습니다.,1,
해당 업체로부터 제품 무상대여받아 직접사용 후 솔직하게 작성하였습니다,1,
해당 업체로부터 식사권을 제공받아 직접 시식 후 작성하였습니다,1,
해당 업체로부터 활동비를 지원받아 직접 체험 후 작성하였습니다,1,
본 포스팅은 개인적으로 참여한 이벤트에 당첨되어 작성하였습니다,1,
해당 업체로부터 홍보지원금을 지원받았지만 솔직하게 작성하였습니다,1,
시식권 제공받음,1,
파트너스 활동으로 수수료 제공을 받는다,1,
유료 광고 포함 리뷰,1,
업체 원고료 지원이다옹,1,
협찬 광고 포함 리뷰다옹,1,
업체 제공 상품?,1,
체험단 선정 리뷰다옹,1,
협찬포함 리뷰다옹,1,
제휴 링크가 포함되어 수수료를 지급받는다옹,1,
업체 식사권 제공 리뷰다옹.,1,
본 포스팅은 업체로부터 소정의 원고료를 지원받았지만 직접 체험 후 작성한 솔직 후기입니다.,1,
본 포스팅은 업체로부터 제품을 제공받았지만 직접 체험 후 작성한 솔직 후기입니다.,1,
본 포스팅은 업체로부터 서비스를 제공받았지만 직접 체험 후 작성한 솔직 후기입니다.,1,
본 포스팅은 제품을 제공받아,1,
솔직하게 작성했습니다,1,
본 포스팅은 소정의 원고료를 지원받아 작성하였습니다.,1,
본 포스팅은 유료광고를 포함하고 있음을 밝힙니다.,1,
본 포스팅은 제품을 제공받아 직접체험 후 작성했습니다,1,
본 포스팅은 원고료를 지원 받았으나솔직하게 작성하였습니다.,1,
본 포스팅은 제품과 원고료를 지원받아 작성했습니다,1,
본 포스팅은 카페이용권을 제공받아 시음/시식 후 리뷰했습니다,1,
본 포스팅은 식사권을 제공받아 시식 후 솔직하게 작성했습니다,1,
본 포스팅은 제휴마케팅이 포함되어 커미션을 받을 수 있습니다,1,
제품을 제공받아 꼼꼼히 살펴보고 작성했습니다,1,
제품을 제공받아 직접 사용해보고 작성했습니다,1,
이용권을 제공받아 직접 가보니 데이트 코스로 추천하고 싶습니다,1,
이용권을 제공받아 직접 가보니 분위기 맛집이네요,1,
이용권을 제공받아 직접 가보니 인별감성 가득,1,
본 포스팅은 원고료를 지원받아 작성되었습니다,1,
원고료를 지원받았으나 진솔하게 작성했습니다 ,1,
"본 포스팅은 제품과 원고료를 지원받아 작성되었습니다"" ",1,
식사를 제공받았으나 너무 맛있어서 곧 내돈내먹 예정입니다.,1,
체험권을 제공받아 직접 체험 후 작성했습니다,1,
체험권을 제공받아 직접 체험해 보니 마음에 들어 다시 갈 예정입니다,1,
본 포스팅은 제품과 원고료를 지원받았으나 체험 후 작성되었습니다,1,
본 포스팅은 유료광고를 포함하고 있습니다,1,
& 본 포스팅은 체험단으로 선정되어 열심히 체험하고 남기는 후기입니다,1,
제휴마케팅이 포함되어 커미션을 받을 수 있습니다,1,
파트너스 활동으로 일정액의 수수료를 지급받을 수 있습니다,1,
제휴마케팅이 포함된 광고로 일정 커미션을 지급받을 수 있습니다!,1,
서비스~ 본 포스팅은 업체로부터 서비스를 제공받아 작성하였습니다. ,1,
서비스 제고 본 포스팅은 업체로부터 서비스를 제공받아 체험 후 솔직하게 작성하였습니다.,1,
본 포스팅은 업체로부터 무상으로 제품을 제공받아 아 작성하였습니다.,1,
본 포스팅은 업체로부터 무상으로 제품을 제공받아 체험 후 솔직하게 작성하였습니다.,1,
대가제공 본 포스팅은 업체로부터 경제적 대가를 제공받았지만 솔직하게 작성하였습니다.,1,
본 포스팅은 업체로부터 무상으로 서비스를 제공받아 체험 후 솔직하게 작성하였습니다. 제품제공,1,
본 포스팅은 업체로부터 제품을 제공받아 체험 후 솔직하게 작성하였습니다.,1,
원고료 지원 본 포스팅은 업체로부터 원고료를 지원받았지만 솔직하게 작성하였습니다.,1,
파트너스 활동의 일환으로 수수료를 받을 수 있습니다,1,
본 포스팅은 업체로부터 협찬받아 직접 방문하여 솔직하게 작성하였습니다.,1,
본 포스팅은 업체로부터 제품을 지원받았지만 솔직하게 작성했습니다,1,
본 포스팅은 업체로부터 소정의 원고료를 지원받아 직접 경험 후 작성했습니다.,1,
이 포스팅은 업체로부터 제품/서비스를 제공받아 직접 체험 후 솔직하게 작성하였습니다.,1,
이 포스팅은 업체로부터 체험권을 제공받아 직접 체험 후 솔직하게 작성하였습니다.,1,
이 포스팅은 업체로부터 서비스를 제공 받아 직접 체험 후 소정의 원고료를 지급 받고 작성하였습니다.,1,
제품을 협찬받아 사용해보았지만 너무 좋아 내 돈으로 ♥구매할 예정,1,
식사권을 제공받아 미식가 모드로 - 시식 후 솔직하게 작성했습니다,1,
#솔직한 앞광고,1,
#담백한 찐후기,1,
체험단으로 다녀왔지만. 너무 취향저격이라 또 갈 예정,1,
이용권을 제공받아 완죤 열정적으로 체험 후 작성했어요,1,
소정의 원고료를 지급 받았지만 솔직하게 작성한 후기입니다 파트너스 활동을 통해,1,
일정액수수료를 제공받을 수 있습니다,1,
원고료를 받았으나 솔직하게 작성하였습니다,1,
소정의 원고료를 지원받아 작성하였습니다,1,
제품과 원고료를 지원받아 작성하였습니다,1,
본 포스팅은 업체로부터 이용권을 제공받아 솔직하게 작성하였습니다,1,
본 포스팅은 업체로부터 제품/서비스를 제공받아 진솔하게 작성했습,1,
본 포스팅은 업체로부터 소정의 원고료를 지원받아 작성했습니다,1,
본포스팅은 일정수수료를 제공받아 솔직하게 작성하였습니다,1,
본 포스팅은 업체로부터 제품을 무상으로 제공받아 작성했습니다.,1,
본 포스팅은 업체로부터 서비스를 제공받아 솔직하게 작성하였습니다,1,
본 포스팅은 업체로부터 제품과원고료를 지원받아 작성했습니다.,1,
본 포스팅은 업체로부터 제품을 제공받아 솔직하게 작성했습니다,1,
본 포스팅은 업체로부터 제품/서비스를 제공받아 체험 후 작성했습니다,1,
본 포스팅은 업체로부터 식품을 제공받아 직접 조리 후 작성했습니다,1,
본 포스팅은 업체로부터 식사권을 제공받아 직접가서 맛보고 작성했습니다.,1,
본 포스팅은 업체로부터 카페이용권을 제공 받아 시음/시식 후 작성했습니다,1,
본 포스팅은 카페/식당에 직접가서 보고 듣고 맛보고 작성했습니다,1,
#솔직후기 본 포스팅은 ♥ 업체로부터 체험권을 제공받아 체험 후 작성했습니다,1,
본 포스팅은 유료광고를 포함하고 있습니다,1,
본 포스팅은 체험단으로 선정되어 성실히 리뷰했음을 밝힙니다,1,
본 포스팅은 파트너스 활동의 일환으로 적립금을 받을 수 있습니다,1,
업체로부터 제품만을 지원받아 작성된 글입니다,1,
업체로부터 제품,1,
파트너스 활동의 일환으로 일정액의 수수료를 제공받습니다,1,
본 포스팅은 해당 업체로부터 제품을 지원받아 체험 후 작성했습니다.,1,
이 포스팅은 서비스를 제공받아 작성한 후기입니다,1,
이 포스팅은 제품을 제공받아 작성한 후기입니다,1,
이 포스팅은 원고료를 지원받아 작성한 후기입니다.,1,
파트너스 활동을 통해 일정액의 수수료를 제공받을 수 있습니다.,1,
이 포스팅은 체험단 리뷰입니다,1,
원고료&제품협찬 리뷰입니다,1,
협찬광고를 포함하고 있습니다,1,
본 포스팅은 해당업체로부터 소정의 원고료를 지원받아 솔직하게 작성했습니다,1,
소정의 원고료를 제공받아 작성한 솔직후기입니다. ,1,
이벤트에 당첨되어 작성한 솔직 후기입니다,1,
체험단에 선정되어 작성한 솔직후기 입니다,1,
파트너스 활동을 통해 수수료를 일정액의 제공받을 수 있습니다,1,
포스팅은 업체로부터 소정의 원고료를 지원받아 작성한 리뷰입니다.,1,
본 포스팅은 업체로부터 제품을 지원받아 작성한 리뷰입니다.,1,
업체로 부터 소정의 원고료를 지원 받아 작성된 글입니다,1,
업체로 부터 식사권을 제공받아 작성된 글입니다,1,
본 포스팅은 제품만을 지원받아 솔직하게 작성된 리뷰입니다,1,
본 포스팅은 서비스를 지원받아 솔직하게 작성된 리뷰입니다,1,
본 포스팅은 제품과 소정의 원고료를 지원받아 솔직하게 작성된 리뷰입니다,1,
본 포스팅은 파트너스 활동으로 수수료를 지급받을 수 있습니다.,1,
이 포스팅은 소정의 원고료를 제공받아 작성되었습니다,1,
"이 포스팅은 유료광고가""포함되어있습니다",1,
이 포스팅은☆서비스를 제공받아 작성되었습니다,1,
이 포스팅은 원고료를 지원받아 작성되었습니다,1,
이 포스팅은 제품을 제공받아 작성되었습니다,1,
본 포스팅은 업체로부터 서비스를 제공받아 체험후 솔직하게 작성하였습니다.,1,
본  포스팅은 업체로부터 제품을 제공받아 작성하였습니다.,1,
본 포스팅은 업체로부터 지원받아 원고료를 작성하였습니다.,1,
본 포스팅은 업체로부터 제품과 원고료를 지원받아 작성하였습니다.,1,
대가없이 정보 제공을 위해 작성되었습니다,0,
100%내돈내산으로 작성되었습니다,0,
협찬&광고 모집중,0,
소정의 원고료 받고싶습니다,0,
이 포스팅은 무료광고를 포함하고 있습니다,0,
무료 광고 포함,0,
광고환영,0,
본 포스팅은 업체로부터 협찬을 제공받고싶었습니다...,0,
내가사서 내가 쓴다,0,
솔찍리뷰,0,
내돈내산,0,
내돈주고 내가샀다,0,
정섯껏써서 협찬인줄 알았죠? 내돈내산이지요~,0,
현찹아닌 솔찍리뷰,0,
협찬해주면 좋겠다,0,
리뷰미션 끝난 자발적 후기 입니다,0,
본 포스팅은 내돈내산으로 텅장이 되어가는 과정을 거쳐 내시간과 내정성을 들여가며 작성된 리얼 포스팅리뷰입니다.,0,
본 포스팅은 업체로부터 협찬받았던 상품이,0,
만족스러워 직접 재구매 후 작성된 솔직한 포스팅입니다,0,
본 포스팅은 업체로부터 일체 제공받은 사실이 없는 노협찬/노광고/내돈내산으로 작성된 솔직한 포스팅입니다. 본 포스팅은 내돈내산으로 텅장이 되어가는 과정을 거쳐 내시간과 정성을 들여가며 작성된 리얼 포스팅리뷰입니다.,0,
* 본 포스팅은 제 돈주고 직접 구매& 결제한 솔직담백 후기입니다.,0,
본 포스팅은 본인이 직접 구매&결제하여 솔직하게 작성된 글입니다.,0,
본 포스팅은 어떠한 대가없이 제 돈으로 직접 결제하여 솔직하게,0,
작성된 글입니다. 본 포스팅은 어떠한 대가없이 제 돈으로 직접 구매하여 솔직하게 작성된 글입니다.,0,
본 포스팅은 어떠한 대가 없이 정보 제공을 목적으로 작성된 글입니다.,0,
본 포스팅의 글과 사진은 본인에게 저작권이 있으므로 엄격히 무단도용을 금함?,0,
100% 내돈내산,0,
아무런 대가없이 정보제공을 위해 작성하였습니다,0,
NO광고,0,
NO협찬,0,
내돈내산,0,
직접 구매하여 솔직하게 사용해본 뒤 작성하였습니다,0,
본 포스팅은 100% 내돈으로 내가사먹고 솔직하게 작성된 리뷰입니다,0,
본 포스팅은 어떠한지원없이 직접구매하여 내 돈으로 순수하게 작성된 리뷰입니다,0,
본 포스팅은 100% 내텅장에서 내가구매한 믿고볼수있는 순수리뷰입니다,0,
"본 포스팅은 어떠한 광고,지원이 전혀 없는 믿고 볼수있는 리뷰입니다",0,
"본 포스팅은 NO광고, NO협찬으로 내돈내고 작성된 리얼리뷰입니다",0,
본 포스팅은 소중한 내돈과 시간을 들여 작성한 주관적 리뷰입니다,0,
본 포스팅은 100% 아무런 대가 없이 솔직하게 작성된 글입니다,0,
본 리뷰는 내돈내산 솔직리뷰입니다,0,
경제적 대가없이 정보를 제공하기 위해 작성한 글입니다,0,
직접 돈을 지불하여 체험한 내용입니다,0,
#내돈내산 #솔직리뷰,0,
#직접구매 #광고아님,0,
#광고아님 #직접결제,0,
"본 포스팅은, 제 돈으로 직접 구매하여 솔직하게 작성된 후기입니다.",0,
"본 포스팅은, 제 돈으로 직접 결제하여 솔직하게 작성된 후기입니다.",0,
"직접 구매하여 사용 후, 너무 만족스러워서 작성하게 된 후기입니다.",0,
#내돈내산 #솔직리뷰,0,
"직접 결제하여 체험 후, 너무 만족스러워서 작성하게 된 후기입니다.",0,
#내돈내산 #솔직리뷰,0,
100% 내돈내산 솔직 리뷰입니다,0,
경제적 대가없는 내돈내산입니다,0,
단연코 대가없는 자발적 리뷰입니다,0,
내돈내산,0,
(내돈내산)?,0,
내 돈 주고 사서 쓰는 찐 리뷰입니다,0,
NO협찬 NO 광고,0,
직접 구매& 결제하여 작성한 리뷰입니다.,0,
대가 없이 정보제공을 목적으로 작성한 글입니다,0,
제가 평소에 사용 후 좋아서 공유하기 위해 작성한 리뷰입니다.,0,
#내돈내산,0,
개인차가 있을 수 있음으로 참고만 부탁드립니다.,0,
100% 내돈내산으로 작성된 후기입니다,0,
아무런 대가없이 정보제공을 위해 작성되었습니다,0,
"Trust Me* 광고,협찬이 없는 솔직후기입니다",0,
경제적 대가없이 작성되었습니다,0,
정보제공만을 목적으로 작성되었습니다,0,
100% 내돈내산입니다.,0,
100%*> ★내돈내산,0,
제돈으로 직접 구매 후 솔직하게 작성하였습니다.,0,
소중한 제 자산으로 구매&결제하여 작성된 솔직 리뷰입니다♡,0,
"본 포스팅은, 대가없이 제 돈으로 직접 결제하여 솔직하게 작성된 후기입니다.",0,
"*본 포스팅은, 대가없이 제 돈으로 직접 구매하여 솔직하게 작성된 후기입니다.",0,
직접 구,0,
#내돈내산 작성된 리뷰입니다. 다소 애매하여 개인차가 있을 수 있기 때문에 참고만 부탁드립니다.,0,
내돈내산 REVIEW,0,
NO 협찬+내텅장 REVIEW,0,
포스팅하려고 지출했습니다,0,
FREE 경제적 대가없이 작성되었습니다,0,
100% 내돈내산입니다.,0,
"NO 광고, 협찬이 없는 솔직후기입니다.",0,
정보제공만을 목적으로 작성되었습니다,0,
이 포스팅은 내돈내산 리뷰입니다,0,
이 포스팅은 아무런 대가 없이 작성된 솔직한 후기 입니다.,0,
제 돈으로 직접 구매하여 솔직하게 작성된 후기입니다.,0,
제 돈으로 직접 결제하여 솔직하게 작성된 후기입니다.,0,
'직접 구매&결제한 후기' 다소 개인차가 있을 수 있음으로 참고만 부탁드립니다.,0,
'내돈내산 사용리뷰' 다소 개인차가 있을 수 있음으로 참고만 부탁드립니다.,0,
'내돈내산 방문후기'다소 개인차가 있을 수 있음으로 참고만 부탁드립니다.,0,
내돈출금 잔액 : 위기,0,
내돈 내산 후기,0,
경제적 대가없이 정보를 제공하기 위해 작성한 글입니다,0,
NO광고,0,
NO협찬,0,
내돈내산,0,
직접 돈을 지불하여 체험한 내용입니다,0,
No협찬 No광고,0,
직접 구매 & 결제하여 작성한 리뷰입니다,0,
직접 구매하여 사용해본 뒤 솔직하게 작성하였습니다,0,
직접 구매하여 사용 후 솔직하게 작성한 리뷰입니다,0,
NO광고 NO협찬,0,
<100%>솔직한 찐 후기,0,
NO 광고,0,
NO 협찬,0,
소중한 내돈으로 내돈내산,0,
본 포스팅은 폭풍 검색 후 찾은 맛집 리뷰입니다,0,
본 포스팅은 아무런 경제적이익 없이 단순 정보공유의 목적으로 작성되었습니다,0,
본 포스팅은 지인에게 선물을 받아? 작성한 글입니다.,0,
(협찬광고X),0,
100%> ★내돈내산,0,
제돈으로 직접 구매 후 솔직하게 작성하였습니다.,0,
본 포스팅은 경제적 대가없이 솔직하게 작성하였습니다.,0,
FREE 경제적 대가없이 작성되었습니다,0,
100% 내돈내산입니다.,0,
"NO광고, 협찬이 없는솔직후기입니다.",0,
정보제공만을 목적으로 작성되었습니다,0,
"본 포스팅은 NO광고, NO 협찬으로 작성한 리얼리뷰입니다",0,
본 포스팅은 소중한 내돈과 시간을 들여 작성한 주관적 리뷰입니다,0,
본 포스팅은 어떠한지원없이 내 돈으로 직접 구매하여 작성한 순수리뷰입니다,0,
본 포스팅은 내 텅장에서 내가 구매한 믿고볼수 있는 리뷰입니다,0,
본 포스팅은 100% 내돈내산 솔직한 글입니다,0,
본 포스팅은 100% 내돈내먹 리얼 리뷰입니다,0,
100% 내돈내산으로 작성된 후기입니다.,0,
아무런 대가없이 정보제공을 위해 작성되었습니다,0,
단순정보제공,0,
본 포스팅은 대가없이 정보제공을 위해 작성하였습니다.,0,
본 포스팅은 경제적 대가 없이 솔직하게 작성하였습니다.,0,
#솔직그자체,0,
#내돈내산,0,
#찐후기,0,
노협찬. 노광고로 솔직하게 작성된 리뷰입니다,0,
#내돈내먹,0,
#광고아님,0,
본 포스팅은 경제적 대가없이 솔직하게 작성하였습니다.,0,
내돈내산 본 포스팅은 제 돈으로 직접 구매 후 솔직하게 작성하였습니다.,0,
100% 내돈내산 찐리뷰,0,
본 포스팅은 대가없이 정보제공을 위해 작성하였습니다.,0,
내돈내산 플렉스,0,
100% 내돈내산입니다.,0,
100% 내돈내먹입니다.,0,
정보제공만을 목적으로 작성된 리뷰입니다.,0,
아무런 대가없이 정보제공을 위해 작성하였습니다,0,
본 포스팅은 정보제공만을 목적으로 작성되었습니다,0,
내돈내산?,0,
제 지갑의 협찬으로 작성된 후기입니다,0,
내돈내먹후기입니다,0,
"광고,협찬 그냥없어요 없어요?",0,
"본 포스팅은 광고, 협찬이 없는 솔직후기입니다",0,
본 포스팅은 경제적 대가없이 작성되었습니다,0,
본 포스팅은 100% 내돈내산입니다.,0,
위 포스팅은 정보제공을 목적으로 작성된 후기입니다.,0,
100% 내돈내먹,0,
#내돈내산 #정정당당 #솔직담백,0,
노출 의무가 없는 단순 선물입니다.,0,
이 포스팅은 내돈내산입니다,0,
이 포스팅은 내돈내먹입니다.,0,
내돈주고 소비한 후기입니다,0,
텅 텅 (텅장소리...),0,
내돈내산,0,
#광고아님 #찐후기,0,
FLEX 내돈내산,0,
내돈내산,0,
내돈내산 솔직후기,0,
100% 내돈내산 솔직후기,0,
100% 내돈내산 솔직후기,0,
"NO 광고, NO 협찬",0,
내돈내산 솔직후기,0,
내돈사먹 리뷰,0,
본 포스팅은 100% 내돈으로 내가 사먹고 솔직하게 작성한 리뷰입니다,0,
내돈내산 리얼리뷰,0,
본 포스팅은 100% 내 돈으로 직접 구매하여,0,
순수하게 작성한 리뷰입니다,0,
"본 포스팅은 NO광고, NO 협찬으로 내돈내고 작성한 리얼리뷰입니다",0,
믿고보는 리뷰 본 포스팅은 어떠한 광고지원이 전혀 없는 믿고 볼수 있는 리뷰입니다,0,
주관적 리뷰 본 포스팅은 소중한 내 돈과 시간을 들여 작성한 주관적 리뷰입니다,0,
텍마이머니,0,
제돈 계산완료,0,
내돈내산 리뷰,0,
본 포스팅은 단순히 정보 공유를 위해 작성한 리뷰입니다.,0,
100% 내돈내산,0,
내돈내산?,0,
본 포스팅은 내돈내산으로 솔직하게 작성되었습니다.,0,
NO광고,0,
NO협찬,0,
'찐' 내돈내산,0,
본 포스팅은 업체로부터 협찬을 제공받고싶었습니다....,0,
이 글은 대가없이 정보제공을 위해 작성된 글입니다,0,
본 포스팅은 아무대가 없이 작성한 내돈내산 솔직 후기 입니다.,0,
내돈내먹 개인적인 의견이니 참고만 해주세요,0,
100% LHELHEL 솔직후기☆,0,
내돈내산 솔직 리뷰입니다,0,
내돈내산 솔직후기,0,
#내돈내산 #솔직후기,0,
내돈내산 리뷰,0,
본 포스팅은 순수 제 돈으로 제품 구매하여 작성하였습니다,0,
본 포스팅은 사비로 직접 결제하여 작성한 솔직후기입니다.,0,
본 포스팅은 친구 돈으로 직접 시식 후 작성한 후기입니다.,0,
본 포스팅은 친구 돈으로 직접 체험 후 작성한 솔직후기입니다.,0,
본 포스팅은 친구로부터 협찬받아 작성된 솔직후기입니다.,0,
본 포스팅은 내 돈 주고 구매 후 작성한 솔직 후기이며,0,
광고x 솔직후기 O,0,
#광고아님주의 #내돈내산 #솔직후기,0,
내돈내산내먹 솔직한 리뷰입니다,0,
본 포스팅은 대가없이 정보제공을 위해 작성하였습니다.,0,
!내돈내산! RECEIPT$100 구매 인증샷,0,
!내돈내먹! RECEIPT$100 영수증 내역,0,
본 포스팅은 직접구매 & 사용후 정보공유를 위해 작성하였습니다.,0,
본 포스팅은 제가 직접 구매 & 결제하여 솔직하게 작성하였습니다.,0,
정보제공; 본 포스팅은 오직 정보제공의 목적으로만 작성하였습니다.,0,
본 포스팅은 100%내돈내산으로 직접 사먹은후 작성하였습니다.,0,
본 포스팅은 직접 구매& 장시간 사용후 좋은점을 공유하고자 작성하였습니다.,0,
광고NO 협찬NO,0,
내돈내산 100% 솔직후기,0,
100% 솔직후기,0,
내돈!,0,
<100% 전후기>,0,
내돈내산,0,
NO광고 NO협찬,0,
노출 의무가 없는 단순 선물의 솔직한 리뷰입니다,0,
아무리 찾아도 없어서 내가 직접 적은 후기 정보제공만을 목적으로 작성된 후기입니다,0,
본 포스팅은 유료광고를 포함하고 있지 않습니다.,0,
100% 내돈내산입니다!,0,
100% 내돈내먹입니다!,0,
#노협찬 # 8 노광고 #찐후기,0,
본 포스팅은 유료광고를 포함하지 않습니다,0,
대가없이 정보제공을 위해 작성하였습니다.,0,
NO 광고 NO 협찬 100% 리얼후기,0,
진짜 내돈내산 솔직 리뷰입니다 (광고아님),0,
본 포스팅은 내돈내산으로 작성하였으며 다소 주관적인 의견이 있는점 참고 부탁드립니다.,0,
"본 포스팅은본인이 직접 구매& 결제하여 솔직하게 작성하였습니다.""",0,
본 포스팅은 아무런 대가없이 정보제공만을 목적으로,0,
솔직하게 작성 하였습니다.,0,
내돈내산? 잘가라 내돈들아,0,
?S3 FREE ♡,0,
이 포스팅은 무료광고를 포함하고 있숩니다,0,
내돈내산 후기입니다,0,
이 포스팅은 광고나 지원이 전혀 없는 솔직한 후기입니다,0,
본 포스팅은 '내돈내산' 솔직후기입니다.,0,
본 포스팅은!! NO협찬 NO광고 후기입니당!,0,
본 포스팅은 대가성없는 솔직후기입니다,0,
내돈내산,0,
"직접사용후 남기는 ""솔직후기 입니다""",0,
BEST 협찬없이 다녀온 핫플레이스 후기였습니다,0,
본 포스팅은 직접 발품팔아 작성한 소중한후기입니다,0,
본 포스팅은 광고 협찬 없이 작성된 후기입니다,0,
내돈주고 내가 산 솔직한후기,0,
내돈내산 찐 후기,0,
내돈내먹찐 후기,0,
위 포스팅은 무료광고포함 리뷰입니다,0,
위 포스팅은 어떤 대가 없이 정보 제공을 목적으로 직접 작성한 글입니다.,0,
내돈내산 직접 사용 솔직한 리뷰입니다,0,
내돈내먹 직접 먹어본 솔직한 리뷰입니다,0,
내돈내산 포스팅이에효,0,
내돈내먹 포스팅이에요,0,
광고 NO 협찬NO 순수한 포스팅입니다.,0,
내돈내산,0,
내돈내산100%,0,
내 돈으로 직접 구매하여 작성 된 리뷰입니다.,0,
No 광고 No 협찬 믿고 볼 수 있는 솔직한 리뷰입니다.,0,
내돈내고? 사먹은 솔직한 리뷰입니다.,0,
아무런 대가 없이' 정보 제공을 목적으로 직접 작성한 글입니다.?,0,
위 포스팅은 정보제공이 목적인 솔직한 후기입니다,0,
위 포스팅은 대가없는 솔직한 찐후기입니다,0,
이 포스팅은 100% 내돈내산입니다,0,
위 포스팅은 소듕한 내돈내먹 후기입니다,0,
무료광고 포함 리뷰입니다,0,
이 포스팅은 100% 내돈내먹입니다,0,
위 포스팅은 소듕한 내돈내산 후기입니다,0,
☆100% 내돈내산☆,0,
내돈내산,0,
내돈내산,0,
"완전 내돈내산 리뷰""주관적인 의견이에요!",0,
내돈내산 찐리뷰,0,
아무런 대가없이 정보제공을 위해 작성된 글입니다,0,
NO협찬 클린 리뷰입니다,0,
내돈내산 직접구매하여 사용후 솔직하게 작성하였습니다,0,
내돈주고 내가사서 직접사용후 남기는 솔직후기입니다,0,
내돈주고 내가사서 직접먹어보고남기는 솔직후기입니다.,0,
본 포스팅은 100% 내돈내산 리얼리티 솔직10000리뷰입니다.,0,
본 포스팅은 내돈내산 후 직접 사용한 솔직 후기입니다.,0,
본 포스팅은 10000 제 돈으로 결제하고 먹은 솔직 후기입니다.,0,
본 포스팅은 어떤 대가 없이 ‘정보 제공을 목적으로 '직접 작성한 글입니다.,0,
본 포스팅은 업체로부터 어떤 광고나 지원 없이 직접 작성한 글입니다.,0,
본 포스팅은 NO협찬 NO광고 내돈내산 후기입니다,0,
본 포스팅은 개인적 입맛으로 작성한 내돈내먹 솔직후기입니다 본포스팅은,0,
대가없이 선물받은 제품을 솔직하게 리뷰했습니다,0,
이번 포스팅은 눈깜짝할 사이에 사라진 내돈내산,0,
NO 협찬!!,0,
ONLY E+2+,0,
"본 포스팅은 No협찬, No 광고 솔직한 리뷰입니다.?",0,
내돈내산,0,
지돈지산 지인이 돈 주고 지인이 산,0,
?본 포스팅은 NO협찬으로? 100% 순수하게 작성된 찐리뷰입니다,0,
"본 포스팅은 NO협찬, NO광고로 솔직하게 남기는 후기임을 강조합니다",0,
본 포스팅은 내돈주고 내가사서 직접 써보고 남기는 리얼후기입니다,0,
본 포스팅은. 내돈주고 내가사서 직접 먹어보고 남기는 리얼후기입니다,0,
직접 구매했어요!,0,
제 돈 주고 사먹은 후기입니다.,0,
내돈내산 제품리뷰,0,
내돈내먹 맛집리뷰,0,
직접 구매 후 작성한 리뷰입니다,0,
#협찬아님 해당포스팅은 내돈으로 직접결제하여 체험한 후 솔직하게 작성되었습니다.?,0,
#협찬아님 해당포스팅은 내돈으로 직접결제하여 사용한 후 작성되었습니다.?,0,
#협찬아님 해당포스팅은 내돈으로 직접결제하여 식사한 후 작성되었습니다. 주관적으로 (입맛에 따라 다를 수 있음),0,
내돈내산 포스팅입니다. 협찬문의는 메일로주세요,0,
#본 포스팅은 내돈내산 솔직하게 작성한 후기입니다.,0,
No광고 NO협찬 100% 내돈내산,0,
금전적 이익없이 정보전달의 목적으로 작성된 글입니다,0,
며칠동안 고생해서 작성한 내돈내산 리얼후기입니다.,0,
제 사비로 구매하여 직접 사용해봤습니다.??,0,
(덕분에 통장은 텅텅),0,
여기저기 발품 팔아 아주 힘들게 정리한 꿀 정보입니다.,0,
제가 아주 좋아하는 단골집입니다.,0,
#내돈내산 #짱맛?,0,
협찬 없이 작성한 찐 후기입니다.,0,
#협찬좀해주세요..,0,
제 열정이 가득 담긴 내돈내산 리뷰입니다.,0,
#의심금지 폭풍 검색을 통해 찾아낸 맛집입니다.?,0,
#찐맛집 #내돈내먹,0,
본 포스팅은 협찬 없이 제 돈으로 직접 결제하여 먹어보고 작성한 후기입니다.,0,
본 포스팅은 협찬없이 제 돈으로 직접 결제하여 사용해본 솔직후기입니다.,0,
본 포스팅은 업체로부터 어떠한 광고나 지원없이 개인적인 생각을 담았습니다,0,
본 포스팅은 100% 내돈내산 솔직리뷰입니다,0,
#내돈내산 경제적 대가는 일체 없습니다,0,
본 포스팅은 100% 내돈내먹 솔직리뷰입니다,0,
NO 협찬 No 광고,0,
100% 내돈내산 후기입니다,0,
이 포스팅은 내돈내먹으로 작성한 글입니다.,0,
100% 내돈내먹 후기입니다,0,
본 포스팅은 100% 내돈내먹 솔직 리뷰입니다,0,
NO 광고 NO 협찬 작성한 글입니다,0,
이 포스팅은 내돈내산으로 작성한 글입니다.,0,
오늘의 포스팅은 내돈내먹으로 맛있는것만 작성한 후기입니다,0,
본 포스팅은 어떠한 대가 없이 솔직하게 작성한 리뷰입니다,0,
오늘의 포스팅은 내돈내산으로 200% 솔직하게 작성한 후기입니다,0,
오늘의 포스팅은 직접 구매& 결제하여 작성한 후기입니다,0,
본 포스팅은 100% 내돈내산 솔직 리뷰입니다,0,
NO 협찬 NO 광고,0,
무료광고 REVIEW,0,
내돈내산 REVIEW,0,
내 카드 협찬 REVIEW,0,
광고 노출 의무 없는 REVIEW,0,
단순 정보 제공 REVIEW,0,
대가성 없는 REVIEW,0,
본 포스팅은 무료광고를 포함하고 있습니다.,0,
솔직후기입니다,0,
"광고x, 협찬X",0,
내돈 내산,0,
이번 포스팅은 직접 비용을 지불한 내돈내산리뷰입니다.,0,
광고아님?,0,
직접 사용한 후기내돈내산,0,
나 진지하다!,0,
NO광고 No협찬 리얼 리뷰!,0,
내돈내시간?,0,
소등하고 솔직한 후기,0,
내카드 사용후기 입니다,0,
폭풍검색 직접 체험후 솔직후기,0,
광고NO 협찬NO,0,
내돈내산 100%,0,
"솔직후기 본 포스팅은 “NO광고 NO협찬"" 솔직 찐 후기입니다",0,
사용 후 직접 구매 솔직하게 작성하였습니다,0,
본 포스팅은 대가없이 정보 제공을 위해 작성하였습니다.,0,
본 포스팅은 100% 내돈 내산 솔직 후기입니다.,0,
본 포스팅은 경제적 대가없이 솔직하게 작성하였습니다.,0,
내돈내산.,0,
NO 광고·협찬,0,
본 포스팅은 아무런 대가없이 정보제공의 목적으로 작성하였습니다,0,
본 포스팅은 직접 결제하고 경험 후 작성하는 찐리뷰입니다,0,
내돈내산 찐 후기,0,
본 포스팅은 내돈내산,0,
본심 100%로 작성된 리뷰입니다.,0,
no광고 no협찬 옹골찬리뷰,0,
내돈으로 체험한 리뷰,0,
본 포스팅은 어떠한 지원도 받지 않고 작성한 리뷰입니다.,0,
본 포스팅은 100% 내돈내산 솔직후기입니다,0,
노협찬/노광고,0,
내.돈.내.산♡,0,
본 포스팅은 내돈내산,0,
내돈으로 직접구매하여 작성된 포스팅입니다?,0,
본 포스팅은 협찬상품이 만족스러워 재구매하여 작성된 포스팅입니다,0,
NO 협찬 광고 내돈내산 리뷰임을 알려드립니다,0,
직접구매후 감성한 후기입니다,0,
Notice 본 포스팅은 내돈내산이며 솔직하게 작성된 후기입니다.,0,
내돈내산 100% REAL,0,
내돈내산 솔직후기입니다.,0,
이 포스팅은 직접 구매하여 사용 후 솔직하게 작성하였습니다.,0,
100% 내돈내산으로 작성되었습니다,0,
NO 광고!,0,
NO협찬!,0,
내돈내산,0,
직접 구매하여 작성한 리뷰입니다.,0,
NO협찬 No광고,0,
<직접구매> 이글은 내돈 내산 솔직 후기 입니다!,0,
"""내 돈 내산 100Soo 10001",0,
본 포스팅은 내돈내산리뷰입니다.,0,
어떠한 경제적 대가없이 순수한 내돈내산 리뷰입니다,0,
예전부터 집에 있던 제품의 솔직리뷰입니다,0,
엄마돈 찬스로 구매한 제품의 솔직리뷰입니다,0,
엄마돈 찬스로 구입한 식품의 솔직리뷰입니다,0,
엄마돈 찬스로 체험한 매장의 솔직리뷰입니다,0,
친구들과 더치페이한 매장의 솔직리뷰입니다,0,
어떠한 조건없이 선물받은 제품의 솔직리뷰입니다,0,
어떠한 조건없이 선물받은 식품의 솔직리뷰입니다,0,
어떠한 조건없이 선물받은 이용권의 솔직리뷰입니다,0,
본 포스팅은 아무런 지원없이 직접 체험 후 작성한 리뷰입니다.,0,
내돈내산 리뷰입니다.,0,
직접 구매하였습니다.,0,
본 포스팅은 광고나 협찬 등 지원이 전혀없는 솔직 후기입니다.,0,
본 포스팅은 어떠한 대가없이 정보 제공을 목적으로 작성한 글입니다.,0,
이 포스팅은 내돈내산 찐 후기입니다.,0,
이 포스팅은 내돈내먹 찐 후기입니다.,0,
이 포스팅은 직접 구매한 제품의 솔직 리뷰입니다.,0,
무료광고 이 포스팅은 무료광고가 포함되어 있습니다.,0,
이 포스팅은 실제 체험 후 적는 솔직한 후기입니다.,0,
이 포스팅은 대가없이 정보 제공을 목적으로 작성했습니다,0,
본 포스팅은 100% 내돈내산 솔직리뷰입니다,0,
노협찬/노광고임으로 믿으셔도 좋습니다.,0,
NO 광고 NO 협찬,0,
내돈내산,0,
본 포스팅은 100% 내돈내산 후기입니다,0,
본 포스팅은 내돈내먹 100% 솔직리뷰입니다,0,
본? 포스팅은 NO광고 NO협찬 리뷰로 믿고 볼수 있는 찐후기입니다,0,
본 포스팅 협찬상품을 직접 재구매하여 작성된 후기입니다,0,
본 포스팅은 어떠한 지원도 받지 않고 작성한 리뷰입니다.,0,
본 포스팅은 협찬없이 제돈으로 결제하여 사용해본 솔직후기입니다.,0,
본 포스팅은 100% 내돈내산 솔직리뷰입니다,0,
본 포스팅은 100% 내돈내먹 솔직리뷰입니다,0,
본 포스팅은 협찬없이 제돈으로 결제하여 먹어보고 작성한 후기입니다.,0,
본 포스팅은 업체로부터 어떠한 광고나 지원을 받지 않은 글임을 알립니다,0,
본 포스팅은 제 카드로 긁은 순도 200% 솔직리뷰입니다.,0,
본 포스팅은 광고 없는 본격 내돈내산 리얼 리뷰입니다.,0,
본 포스팅은 어떠한 광고나 협찬이 없는 솔직한 리뷰임을 알립니다.,0,
본 포스팅은 아무런 대가를 받지 않고 작성한 솔직 리뷰입니다.,0,
솔직 담백한 내돈내산 리뷰,0,
금전적 대가 없이 제품을 제공받았으며 주관적인 의견으로 작성한 후기입니다.,0,
내돈 주고 산 찐후기!,0,
앞광고 대환영!,0,
내 돈 주고 먹은 맛집 리뷰,0,
직접 결제해서 체험 후 추천해요!,0,
사비로 직접 체험한 지극히 주관적인 포스팅입니다.,0,
아무런 대가없이 정보제공을 목적으로 작성되었습니다,0,
제품 노출 의무가 없는 포스팅입니다,0,
노출 의무가 없는 단순선물입니다,0,
텅장입니다)? #내돈내산 #솔직리뷰,0,
no광고 no협찬 내돈내산,0,
내돈 내산 $flex,0,
내돈내산리뷰,0,
NO협찬 NO광고 내잔고는 텅텅,0,
"NO광고, NO협찬?",0,
내돈내산 솔직하게 작성한리뷰입니다,0,
본 포스팅은내돈내산 솔직하게작성된 리뷰입니다.,0,
본 포스팅은 100% 내돈 내산으로 솔직하게 작성된 리뷰입니다,0,
본 포스팅은 100% 내돈 내먹으로 솔직하게 작성된 리뷰입니다,0,
본 포스팅은 100% 내 돈으로 내가 사먹고 솔직하게 작성한 리뷰입니다.,0,
본 포스팅은 어떠한 지원없이 내 돈으로 직접 구매하여 순수하게 작성된 리뷰입니다.,0,
본 포스팅은 순도 100% 내.돈.내.산 리뷰입니다.,0,
본 포스팅은NO광고 NO협찬 리뷰로 믿고 볼 수 있는 솔직 후기입니다,0,
본 포스팅은 직접 구매 후 작성되었음을 알립니다.,0,
?LH 돈 LH 산 본 포스팅은 금전적 이익없이 정보공유 목적으로 작성되었습니다,0,
내돈내산,0,
내돈내산 솔직후기,0,
내돈내산 후기,0,
이글은 광고없이 내돈내산솔직한 리뷰입니다,0,
100% 내돈내산,0,
무료 광고 포함,0,
노출 의무가 없는?선물입니다.?,0,
본 포스팅은 업체로부터 일체 제공받은 사실이 없는 노협찬/노광고/내돈내산으로 작성된 솔직한 포스팅입니다.,0,
본 포스팅은 쌔돈내산으로 텅장이 되어가는,0,
내시간과 과정을 거쳐 정성을 들여가며 작성된 리얼 포스팅리뷰입니다,0,
본 포스팅은 업체로부터 협찬받았던 상품이 만족스러워 직접 재구매 후,0,
작성된 솔직한 포스팅입니다.,0,
본 포스팅은 업체로부터 일체 제공받은 사실이 없이,0,
지인선물로 받은 제품 사용 후 작성된 솔직한 포스팅입니다,0,
본 포스팅은 어떠한 지원없이 순수하게 제작된 내돈내산 후기에요!,0,
누구보다 솔직하고 순수한 이유! 내돈내산 진짜 내돈내먹임,0,
NO 협찬,0,
NO 광고,0,
↑해당 포스팅은 정보제공만을 목적으로 작성한 포스팅입니다,0,
해당 포스팅은 100%내돈내산 솔직포스팅 입니다,0,
본 포스팅은 No광고 No협찬 솔직 리뷰입니다,0,
신뢰 100% 내돈내산 포스팅입니다./,0,
본 포스팅은 내돈내산으로 제작된 순수 포스팅입니다.?,0,
본 포스팅은 후원없이 체험한 후 작성된 솔직한 포스팅입니다.,0,
본 포스팅은 지원없이 자비로 제작된 포스팅입니다.,0,
본 포스팅은 제인의 후원으로 작성된 포스팅입니다.?,0,
본 포스팅은 친구의 후원으로 작성된 포스팅입니다.,0,
본 포스팅은 가족의 후원으로 작성된 포스팅입니다.,0,
본 포스팅은 후원없이 작성된 포스팅입니다.,0,
광고 없는 솔직 리뷰,0,
내돈내산리뷰입니다!,0,
노협찬 순도 100%내돈내산,0,
본 포스팅은 100% 내돈내산 솔직리뷰입니다.,0,
제 지갑에서 직접 돈내고 구매했습니다.,0,
#통장텅텅 #지갑텅텅,0,
폭풍 검색으로 찾아본 찐맛집 후기!,0,
본 포스팅은LHELHO 100% 솔직리뷰입니다,0,
"제 돈으로 직접 사고, 먹고 체험한 솔직 후기들을 담은NO광고 NO협찬 리뷰입니다.",0,
NO협찬 솔직리뷰,0,
100% 내돈내산,0,
솔찍하게 작성된 후기입니다,0,
내돈내산,0,
내돈내산 솔직 리뷰Ο,0,
내돈내산,0,
내돈내산포스트입니다,0,
근데 이제 내 돈을 곁들인,0,
지인선물,0,
노협찬 리뷰,0,
내돈내산입니다!,0,
100% 내돈내산 솔찍하게작성된 후기입니다,0,
이 포스팅은 #NO광고#내돈내산 진심 어린 글입니다,0,
제 돈과 노력을 투자하여 작성!,0,
내산 내돈,0,
내돈내고'먹은 맛집,0,
11221111 !! 찐내돈내산 후기,0,
내지갑열고 구매한 솔직한후기입니다,0,
No 광고 No협찬,0,
내돈과 소중한 시간을 들여 작성한 후기입니다,0,
내돈내산,0,
"""본 포스팅은 내돈내산 이에오!",0,
내돈내산 솔직리뷰,0,
텅장털털~,0,
100%내돈내산 리얼리뷰~,0,
해당 제품은 필자가 정당한 대가를 지불하고 작성한 내돈내산 후기입니다.,0,
FLEX 내돈내산,0,
본 포스팅은 100% 내돈내산솔직리뷰입니다,0,
본 포스팅은 어떠한 광고없이 솔직하게 작성된 후기입니다.,0,
제 지갑에서 꺼내 쓴 내돈내산 후기입니다,0,
"내돈내산 어떠한 광고, 협찬 없이 작성한 솔직리뷰입니다.",0,
내 카드? 본 포스팅은 100% 내돈내산 리뷰입니다.,0,
내돈내산 소중한 내 돈으로 내가 사먹고 작성한 솔직리뷰입니다.,0,
본 포스팅은 내 돈 주고 내가 먹은 솔직한 후기입니다,0,
#노광고#노협찬,0,
직접 체험한 찐찐후기입니다,0,
본 포스팅은 내 돈주고 내가 산 솔직한 후기입니다,0,
본 포스팅은 내 돈주고 직접 체험한 솔직한 후기입니다,0,
내돈내산 아무런 대가 없이 작성한 솔직리뷰입니다.,0,
내돈내산 소중한 내 돈으로 내가 사서 작성한 솔직리뷰입니다.,0,
내돈내산 솔직후기 입니다,0,
리뷰의무 없는 솔직후기 입니다,0,
본 포스팅은 어떠한 대가없이 정보공유의 목적으로 직접 작성한 글입니다.,0,
본 포스팅은 본인이 직접 구매&결제하여 솔직하게 작성한 후기입니다,0,
"본 포스팅은 NO광고, NO협찬으로 솔직하게 작성한 글입니다",0,
내돈내산 본 포스팅은 제 돈으로 결제하고 쓴 리뷰입니다.,0,
No 협찬/ No 광고 지금까지 내돈내산 리뷰였습니다,0,
No 협찬/ No 광고 지금까지 내돈내먹 리뷰였습니다.,0,
No 협찬/ No 광고 아무런 대가를 받지 않고 작성한 정직한 글입니다,0,
No 협찬/ No 광고 글쓴이의 돈과 시간을 들여 작성한 솔직한 글입니다.,0,
No 협찬/ No 광고 지인으로부터 선물받아 작성한 주관적인 리뷰입니다.,0,
No 협찬/ No 광고 친구지갑의 도움으로 작성된 고마운 후기입니다.,0,
내돈내산이라네~,0,
내돈내산 FLEX,0,
이 포스팅은 직접 구매하여 사용 후 솔직하게 작성하였습니다.,0,
이 포스팅은 직접 비용을 지불하여 체험 후 솔직하게 작성하였습니다.,0,
본 포스팅은 어떠한 개입없이 순수 정직하게 작성되었습니다,0,
직접구매후 작성한 후기입니다!,0,
이 포스팅은 업체로부터 뭘안받은.. #내돈내산 포스팅입니다.,0,
이 글은 제 돈으로 구매한 제품리뷰입니다,0,
이 글은 제 돈으로 직접 이용한후기입니다,0,
이 글은 ※내돈내산입니다,0,
내 돈으로 구입하여 내가 정성껏 작성한진짜 내돈내산 포스팅,0,
내돈내산 내10으로 구매했어요,0,
이 글은 직접 구매하여 솔직하게 작성한 후기입니다.,0,
이 글은 어떠한 광고없이 솔직하게 작성된 후기입니다.,0,
100% 내돈내산 솔직 후기입니다,0,
'NO 협찬! NO 광고!,0,
본 포스팅은 제돈으로 직접 구매하여 솔직하게 작성되었습니다.,0,
본 포스팅은 제돈으로 직접 구매한내돈내산리뷰입니다,0,
본 포스팅은 아무런 대가없는 100% 순수 솔직후기입니다,0,
본 포스팅은 순수 사심이 가득한 No 협찬 No 대가 리뷰입니다,0,
#본 포스팅은 내돈내산?,0,
제 돈을 주고 구매후 솔직함을 담은 글입니다.,0,
# 본 포스팅은 내 돈으로 직접 구매후 작성한 솔직후기 입니다 :),0,
#광고아님 #내돈내산,0,
# 100% 친구돈,0,
본 포스팅은 100% 내 돈으로 내가 사먹고 솔직하게 작성한 리뷰입니다.,0,
본 포스팅은 어떠한 지원없이 내 돈으로 직접 구매하여 순수하게 작성된 리뷰입니다.,0,
본 포스팅은 순도100% 내.돈.내.산 리뷰입니다.,0,
이 포스팅은 내돈내산으로 작성한 글입니다,0,
이 포스팅은 남(편)돈내산으로 작성한 글입니다,0,
이 포스팅은 아빠)돈내산으로 작성한 글입니다,0,
"이 포스팅은 협찬,광고가 없는 ""솔직후기 입니다.",0,
"이 포스팅은 NO협찬,NO광고로 작성한 글입니다",0,
이 포스팅은 내돈내먹으로 작성한 글입니다.,0,
내돈내산 솔직 후기,0,
내돈 주고 한 솔직 경험,0,
내돈 주고 읽은 솔직 리뷰,0,
내돈내산맛집 추천,0,
내돈내산솔직 경험,0,
100% 내돈 내산솔직리뷰,0,
내돈내산 제품 추천맛집 추천,0,
내돈 내산♡♡강력 추천,0,
내돈 내산 적극 추천,0,
내돈 내산 대박 아이템.,0,
내돈 내산 인생아이템,0,
내돈 내산,0,
남카찬스?,0,
본 포스팅은 100% 내돈내산 솔직하게 작성한 리뷰입니다,0,
지극히 개인적 의견으로 작성한 내돈내산후기,0,
남친에게 받은 선물을 기쁘게 리뷰했습니다♡,0,
친구에게 받은 선물을 진솔하게 리뷰했습니다♡,0,
남편에게 받은 선물을 행복하게 리뷰했습니다♡,0,
지극히 개인적 입맛대로 작성한 내돈내먹후기,0,
"? 본 포스팅은 내돈내산으로 작성된 솔직한 리뷰입니다""",0,
NO 협찬 YES CHECHAF 리얼솔직후기,0,
NO 협찬 YES CHECHO 리얼 찐 맛있어,0,
100% 내돈내먹 후기입니다,0,
"본 포스팅은, 내돈주고 내가사서 체험하고 작성한 솔직후기 입니다.",0,
100% 내돈내산 후기입니다,0,
본 포스팅은 100% LHE LHAY! 솔직하게 작성한 리뷰입니다!!,0,
이 글은 직접 구매&결재하여 작성한 리뷰입니다,0,
NO광고 NO협찬 믿고보는솔직리뷰,0,
이글은 대가 없이 정보제공의 목적으로 작성하였습니다.,0,
"NO 협찬, NO 광고 내돈내산 리뷰",0,
NO협찬 NO광고 내돈내산으로 작성한 찐리뷰입니다,0,
아무 대가없이 정보제공목적으로 작성,0,
내돈내산 직접구매,0,
100% 내돈내산 찐 리뷰+ 솔직리뷰,0,
HAPPY 내 돈 내 먹이지만 행복 그 잡채,0,
친구가 구매 포스팅은 내가,0,
예전에 협찬받았는데 좋아서 리뷰 또 썼네요,0,
통장이 텅장되며 작성한 순수 리얼 솔직 후기입니다,0,
본 포스팅은 내.돈.내.산 후기입니다,0,
본 포스팅은 어떠한 지원도 받지 않고 솔직하게 작성된 후기입니다,0,
"본 포스팅은 100% LHELHA 솔직하게 작성한 ""리뷰입니다",0,
본 포스팅은 업체로부터 어떠한 지원도 없이 개인적인 구매를 바탕으로 솔직하게 작성되었습니다.,0,
본 포스팅은 업체로부터 어떠한 지원도 없이 개인적인 체험을 바탕으로 솔직하게 작성되었습니다.,0,
내돈내산 리뷰입니다,0,
공익을 목적으로 작성되었습니다,0,
본 포스팅은 광고협찬 없는 100% LHELHA,0,
본 포스팅은 직접 제 돈으로 구매하여 솔직한 후기를 담고 있습니다,0,
내돈내산,0,
내 돈으로 구입해서 직접 사용해 보고 솔직하게 작성했어요!,0,
"이 포스팅은 협찬,광고가 없는 솔직후기 입니다.",0,
이 포스팅은 내돈내산으로 작성한 글입니다.,0,
이 포스팅은 내돈내먹으로 작성한 글입니다,0,
내돈내산 직접 구매해서 작성한 솔직 후기입니다.,0,
솔직리뷰 직접 구매해서 작성한 솔직 후기입니다.,0,
NO! 광고! 후기입니다.,0,
NO! 협찬!후기입니다.,0,
NO! 광고!NO! 협찬! 본 포스트는 내돈내먹으로 작성했습니다.,0,
내돈내산 솔직후기,0,
본 포스팅은 어떠한 지원도 받지 않고 직접구매후 작성된 글입니다,0,
내돈내산 솔직리뷰,0,
제휴/협찬없이 (솔직하게 작성한 #클린콘텐츠 업체의협찬없이 직접구매하여 제작한 콘텐츠 업체의협찬없이),0,
내돈내산하여 제작한 콘텐츠,0,
"""내돈내살"" 내 돈내고 살쪘어요",0,
본 포스팅은 직접구매& 결제하여 작성된 찐후기입니다,0,
본 포스팅은 대가없이 정보제공을 목적으로 작성된 글 입니다,0,
본 리뷰는 100% 텅장협찬 글입니다,0,
내돈내산,0,
광고아님,0,
내돈내산 후기,0,
위 포스팅 100% 내돈내산]솔직후기입니다!,0,
100% 내돈내산 후기입니다,0,
본 포스팅은 내돈내산리뷰입니다.,0,
NO협찬 NO광고 내돈내산,0,
MY OWN EXPENSE,0,
"100% 사비로 체험, 방문 하였습니다.",0,
해당 후기는 어떠한 지원도 받지 않고 작성되었습니다,0,
내돈 내산 후기입니다,0,
100% 내돈내산 논리뷰입니다,0,
100% 내돈내먹 리뷰입니다,0,
대가성없이 작성한 솔직 포스팅입니다,0,
내돈내산 ☆주관적인 리뷰 ☆,0,
광고X 협찬X 솔직 후기 ♡,0,
* ONLY * 정보 제공 목적으로 작성된 글입니다.,0,
본 포스팅은 제돈으로 직접 구매하여 작성한 내돈내산 후기 입니다.,0,
NO 협찬,0,
아무런 대가없이 주관적 견해로 솔직하게 작성한 포스팅입니다.,0,
내돈 내산,0,
이 글은 내돈내산 100% 솔직 리뷰입니다.,0,
내돈내산,0,
진심 정보제공 목적의 후기입니다.,0,
광고환영,0,
100% 내돈내산,0,
이 포스팅은 상품을 100% 제 돈으로 직접 구매해서 작성한 글입니다.,0,
위의 포스팅은 업체로부터 일절 지원받은 것 없이 순수하게 저의 주관적인 관점에서 작성된 글입니다.,0,
내돈내산 내돈내고 사서 작성,0,
내돈내산 완전 솔직!,0,
내돈 내시간 솔직한 후기!,0,
NO 광고,0,
No협찬 리얼리뷰!,0,
광고아님! 직접 사용 후기!,0,
내돈내산 리뷰 시작,0,
노협찬?,0,
노광고,0,
내돈내산,0,
